"","sci_name","family.x","order_","BIOME_NAME","CONTINENT","Diet.Meat","Diet.Plant","Mass.g","max_longevity_d","weaning_mass_g","age_first_reproduction_d","litter_size_n","litters_per_year_n","Mating System","PredMd","up75","trophic_level","Mean_HomeRange_km2","Max_Home_Range_km2","Min_Home_Range_km2","Trophic"
"1","Peromyscus leucopus","CRICETIDAE","RODENTIA","TemperateBroadleafMixedForests","NorthAmerica",60,40,21.2,2920,9.095,106.45,4.345,3.9,"Polygynandrous (promiscuous)",316.218,701.567,"Omnivore",0.0009688269177462,0.0126,0.000148,NA
"2","Peromyscus leucopus","CRICETIDAE","RODENTIA","TemperateConiferForests","NorthAmerica",60,40,21.2,2920,9.095,106.45,4.345,3.9,"Polygynandrous (promiscuous)",316.218,701.567,"Omnivore",0.0009688269177462,0.0126,0.000148,NA
"3","Peromyscus leucopus","CRICETIDAE","RODENTIA","TropicalSubtropicalDryBroadleafForests","NorthAmerica",60,40,21.2,2920,9.095,106.45,4.345,3.9,"Polygynandrous (promiscuous)",316.218,701.567,"Omnivore",0.0009688269177462,0.0126,0.000148,NA
"4","Peromyscus leucopus","CRICETIDAE","RODENTIA","TemperateGrasslands,SavannasShrublands","NorthAmerica",60,40,21.2,2920,9.095,106.45,4.345,3.9,"Polygynandrous (promiscuous)",316.218,701.567,"Omnivore",0.0009688269177462,0.0126,0.000148,NA
"5","Peromyscus leucopus","CRICETIDAE","RODENTIA","DesertsXericShrublands","NorthAmerica",60,40,21.2,2920,9.095,106.45,4.345,3.9,"Polygynandrous (promiscuous)",316.218,701.567,"Omnivore",0.0009688269177462,0.0126,0.000148,NA
"6","Peromyscus leucopus","CRICETIDAE","RODENTIA","TropicalSubtropicalMoistBroadleafForests","NorthAmerica",60,40,21.2,2920,9.095,106.45,4.345,3.9,"Polygynandrous (promiscuous)",316.218,701.567,"Omnivore",0.0009688269177462,0.0126,0.000148,NA
"7","Peromyscus leucopus","CRICETIDAE","RODENTIA","Mangroves","NorthAmerica",60,40,21.2,2920,9.095,106.45,4.345,3.9,"Polygynandrous (promiscuous)",316.218,701.567,"Omnivore",0.0009688269177462,0.0126,0.000148,NA
"8","Peromyscus leucopus","CRICETIDAE","RODENTIA","TropicalSubtropicalConiferousForests","NorthAmerica",60,40,21.2,2920,9.095,106.45,4.345,3.9,"Polygynandrous (promiscuous)",316.218,701.567,"Omnivore",0.0009688269177462,0.0126,0.000148,NA
"9","Peromyscus leucopus","CRICETIDAE","RODENTIA","TropicalSubtropicalGrasslands,SavannasShrublands","NorthAmerica",60,40,21.2,2920,9.095,106.45,4.345,3.9,"Polygynandrous (promiscuous)",316.218,701.567,"Omnivore",0.0009688269177462,0.0126,0.000148,NA
"10","Odocoileus virginianus","CERVIDAE","ARTIODACTYLA","TemperateConiferForests","NorthAmerica",0,100,55508.6,8395,33631.33,463,1.71,1,"Polygynous",7.666,13.193,"Herbivore",2.40080571921736,121.730121730122,0.0190198696936587,"Herbivore"
"11","Odocoileus virginianus","CERVIDAE","ARTIODACTYLA","TemperateBroadleafMixedForests","NorthAmerica",0,100,55508.6,8395,33631.33,463,1.71,1,"Polygynous",7.666,13.193,"Herbivore",2.40080571921736,121.730121730122,0.0190198696936587,"Herbivore"
"12","Odocoileus virginianus","CERVIDAE","ARTIODACTYLA","Mangroves","NorthAmerica",0,100,55508.6,8395,33631.33,463,1.71,1,"Polygynous",7.666,13.193,"Herbivore",2.40080571921736,121.730121730122,0.0190198696936587,"Herbivore"
"13","Odocoileus virginianus","CERVIDAE","ARTIODACTYLA","TropicalSubtropicalDryBroadleafForests","NorthAmerica",0,100,55508.6,8395,33631.33,463,1.71,1,"Polygynous",7.666,13.193,"Herbivore",2.40080571921736,121.730121730122,0.0190198696936587,"Herbivore"
"14","Odocoileus virginianus","CERVIDAE","ARTIODACTYLA","TropicalSubtropicalGrasslands,SavannasShrublands","NorthAmerica",0,100,55508.6,8395,33631.33,463,1.71,1,"Polygynous",7.666,13.193,"Herbivore",2.40080571921736,121.730121730122,0.0190198696936587,"Herbivore"
"15","Odocoileus virginianus","CERVIDAE","ARTIODACTYLA","TemperateGrasslands,SavannasShrublands","NorthAmerica",0,100,55508.6,8395,33631.33,463,1.71,1,"Polygynous",7.666,13.193,"Herbivore",2.40080571921736,121.730121730122,0.0190198696936587,"Herbivore"
"16","Odocoileus virginianus","CERVIDAE","ARTIODACTYLA","TropicalSubtropicalMoistBroadleafForests","NorthAmerica",0,100,55508.6,8395,33631.33,463,1.71,1,"Polygynous",7.666,13.193,"Herbivore",2.40080571921736,121.730121730122,0.0190198696936587,"Herbivore"
"17","Odocoileus virginianus","CERVIDAE","ARTIODACTYLA","TropicalSubtropicalConiferousForests","NorthAmerica",0,100,55508.6,8395,33631.33,463,1.71,1,"Polygynous",7.666,13.193,"Herbivore",2.40080571921736,121.730121730122,0.0190198696936587,"Herbivore"
"18","Odocoileus virginianus","CERVIDAE","ARTIODACTYLA","BorealForestsTaiga","NorthAmerica",0,100,55508.6,8395,33631.33,463,1.71,1,"Polygynous",7.666,13.193,"Herbivore",2.40080571921736,121.730121730122,0.0190198696936587,"Herbivore"
"19","Odocoileus virginianus","CERVIDAE","ARTIODACTYLA","DesertsXericShrublands","NorthAmerica",0,100,55508.6,8395,33631.33,463,1.71,1,"Polygynous",7.666,13.193,"Herbivore",2.40080571921736,121.730121730122,0.0190198696936587,"Herbivore"
"20","Odocoileus virginianus","CERVIDAE","ARTIODACTYLA","FloodedGrasslandsSavannas","NorthAmerica",0,100,55508.6,8395,33631.33,463,1.71,1,"Polygynous",7.666,13.193,"Herbivore",2.40080571921736,121.730121730122,0.0190198696936587,"Herbivore"
"21","Odocoileus virginianus","CERVIDAE","ARTIODACTYLA","Tundra","NorthAmerica",0,100,55508.6,8395,33631.33,463,1.71,1,"Polygynous",7.666,13.193,"Herbivore",2.40080571921736,121.730121730122,0.0190198696936587,"Herbivore"
"22","Odocoileus virginianus","CERVIDAE","ARTIODACTYLA","Mangroves","SouthAmerica",0,100,55508.6,8395,33631.33,463,1.71,1,"Polygynous",7.666,13.193,"Herbivore",2.40080571921736,121.730121730122,0.0190198696936587,"Herbivore"
"23","Odocoileus virginianus","CERVIDAE","ARTIODACTYLA","TropicalSubtropicalDryBroadleafForests","SouthAmerica",0,100,55508.6,8395,33631.33,463,1.71,1,"Polygynous",7.666,13.193,"Herbivore",2.40080571921736,121.730121730122,0.0190198696936587,"Herbivore"
"24","Odocoileus virginianus","CERVIDAE","ARTIODACTYLA","DesertsXericShrublands","SouthAmerica",0,100,55508.6,8395,33631.33,463,1.71,1,"Polygynous",7.666,13.193,"Herbivore",2.40080571921736,121.730121730122,0.0190198696936587,"Herbivore"
"25","Odocoileus virginianus","CERVIDAE","ARTIODACTYLA","TropicalSubtropicalGrasslands,SavannasShrublands","SouthAmerica",0,100,55508.6,8395,33631.33,463,1.71,1,"Polygynous",7.666,13.193,"Herbivore",2.40080571921736,121.730121730122,0.0190198696936587,"Herbivore"
"26","Odocoileus virginianus","CERVIDAE","ARTIODACTYLA","TropicalSubtropicalMoistBroadleafForests","SouthAmerica",0,100,55508.6,8395,33631.33,463,1.71,1,"Polygynous",7.666,13.193,"Herbivore",2.40080571921736,121.730121730122,0.0190198696936587,"Herbivore"
"27","Odocoileus virginianus","CERVIDAE","ARTIODACTYLA","MontaneGrasslandsShrublands","SouthAmerica",0,100,55508.6,8395,33631.33,463,1.71,1,"Polygynous",7.666,13.193,"Herbivore",2.40080571921736,121.730121730122,0.0190198696936587,"Herbivore"
"28","Odocoileus virginianus","CERVIDAE","ARTIODACTYLA","FloodedGrasslandsSavannas","SouthAmerica",0,100,55508.6,8395,33631.33,463,1.71,1,"Polygynous",7.666,13.193,"Herbivore",2.40080571921736,121.730121730122,0.0190198696936587,"Herbivore"
"29","Rangifer tarandus","CERVIDAE","ARTIODACTYLA","Tundra","NorthAmerica",0,100,86034,7920.5,24900,680,1.1,1,"Polygynous",0.492,0.917,"Herbivore",15560.5631206639,357389,1.45,"Herbivore"
"30","Rangifer tarandus","CERVIDAE","ARTIODACTYLA","BorealForestsTaiga","Europe",0,100,86034,7920.5,24900,680,1.1,1,"Polygynous",0.492,0.917,"Herbivore",15560.5631206639,357389,1.45,"Herbivore"
"31","Rangifer tarandus","CERVIDAE","ARTIODACTYLA","BorealForestsTaiga","Asia",0,100,86034,7920.5,24900,680,1.1,1,"Polygynous",0.492,0.917,"Herbivore",15560.5631206639,357389,1.45,"Herbivore"
"32","Rangifer tarandus","CERVIDAE","ARTIODACTYLA","Tundra","Antarctica",0,100,86034,7920.5,24900,680,1.1,1,"Polygynous",0.492,0.917,"Herbivore",15560.5631206639,357389,1.45,"Herbivore"
"33","Rangifer tarandus","CERVIDAE","ARTIODACTYLA","TemperateGrasslands,SavannasShrublands","SouthAmerica",0,100,86034,7920.5,24900,680,1.1,1,"Polygynous",0.492,0.917,"Herbivore",15560.5631206639,357389,1.45,"Herbivore"
"34","Rangifer tarandus","CERVIDAE","ARTIODACTYLA","TemperateConiferForests","Asia",0,100,86034,7920.5,24900,680,1.1,1,"Polygynous",0.492,0.917,"Herbivore",15560.5631206639,357389,1.45,"Herbivore"
"35","Rangifer tarandus","CERVIDAE","ARTIODACTYLA","Tundra","Asia",0,100,86034,7920.5,24900,680,1.1,1,"Polygynous",0.492,0.917,"Herbivore",15560.5631206639,357389,1.45,"Herbivore"
"36","Rangifer tarandus","CERVIDAE","ARTIODACTYLA","TemperateGrasslands,SavannasShrublands","Asia",0,100,86034,7920.5,24900,680,1.1,1,"Polygynous",0.492,0.917,"Herbivore",15560.5631206639,357389,1.45,"Herbivore"
"37","Rangifer tarandus","CERVIDAE","ARTIODACTYLA","DesertsXericShrublands","Asia",0,100,86034,7920.5,24900,680,1.1,1,"Polygynous",0.492,0.917,"Herbivore",15560.5631206639,357389,1.45,"Herbivore"
"38","Rangifer tarandus","CERVIDAE","ARTIODACTYLA","MontaneGrasslandsShrublands","Asia",0,100,86034,7920.5,24900,680,1.1,1,"Polygynous",0.492,0.917,"Herbivore",15560.5631206639,357389,1.45,"Herbivore"
"39","Rangifer tarandus","CERVIDAE","ARTIODACTYLA","TemperateBroadleafMixedForests","Asia",0,100,86034,7920.5,24900,680,1.1,1,"Polygynous",0.492,0.917,"Herbivore",15560.5631206639,357389,1.45,"Herbivore"
"40","Rangifer tarandus","CERVIDAE","ARTIODACTYLA","BorealForestsTaiga","NorthAmerica",0,100,86034,7920.5,24900,680,1.1,1,"Polygynous",0.492,0.917,"Herbivore",15560.5631206639,357389,1.45,"Herbivore"
"41","Rangifer tarandus","CERVIDAE","ARTIODACTYLA","TemperateConiferForests","NorthAmerica",0,100,86034,7920.5,24900,680,1.1,1,"Polygynous",0.492,0.917,"Herbivore",15560.5631206639,357389,1.45,"Herbivore"
"42","Rangifer tarandus","CERVIDAE","ARTIODACTYLA","TemperateGrasslands,SavannasShrublands","NorthAmerica",0,100,86034,7920.5,24900,680,1.1,1,"Polygynous",0.492,0.917,"Herbivore",15560.5631206639,357389,1.45,"Herbivore"
"43","Rangifer tarandus","CERVIDAE","ARTIODACTYLA","TemperateBroadleafMixedForests","NorthAmerica",0,100,86034,7920.5,24900,680,1.1,1,"Polygynous",0.492,0.917,"Herbivore",15560.5631206639,357389,1.45,"Herbivore"
"44","Rangifer tarandus","CERVIDAE","ARTIODACTYLA","Tundra","Europe",0,100,86034,7920.5,24900,680,1.1,1,"Polygynous",0.492,0.917,"Herbivore",15560.5631206639,357389,1.45,"Herbivore"
"45","Rangifer tarandus","CERVIDAE","ARTIODACTYLA","TemperateBroadleafMixedForests","Europe",0,100,86034,7920.5,24900,680,1.1,1,"Polygynous",0.492,0.917,"Herbivore",15560.5631206639,357389,1.45,"Herbivore"
"46","Rangifer tarandus","CERVIDAE","ARTIODACTYLA","TemperateConiferForests","Europe",0,100,86034,7920.5,24900,680,1.1,1,"Polygynous",0.492,0.917,"Herbivore",15560.5631206639,357389,1.45,"Herbivore"
"47","Galago moholi","GALAGIDAE","PRIMATES","TropicalSubtropicalMoistBroadleafForests","Africa",40,60,160,6874.167,100,259.15,1.545,2,"Polygynous
Polygynandrous (promiscuous)",17.542,54.285,"Omnivore",0.10125,0.159,0.067,NA
"48","Galago moholi","GALAGIDAE","PRIMATES","MontaneGrasslandsShrublands","Africa",40,60,160,6874.167,100,259.15,1.545,2,"Polygynous
Polygynandrous (promiscuous)",17.542,54.285,"Omnivore",0.10125,0.159,0.067,NA
"49","Galago moholi","GALAGIDAE","PRIMATES","TropicalSubtropicalGrasslands,SavannasShrublands","Africa",40,60,160,6874.167,100,259.15,1.545,2,"Polygynous
Polygynandrous (promiscuous)",17.542,54.285,"Omnivore",0.10125,0.159,0.067,NA
"50","Galago moholi","GALAGIDAE","PRIMATES","FloodedGrasslandsSavannas","Africa",40,60,160,6874.167,100,259.15,1.545,2,"Polygynous
Polygynandrous (promiscuous)",17.542,54.285,"Omnivore",0.10125,0.159,0.067,NA
"51","Galago moholi","GALAGIDAE","PRIMATES","DesertsXericShrublands","Africa",40,60,160,6874.167,100,259.15,1.545,2,"Polygynous
Polygynandrous (promiscuous)",17.542,54.285,"Omnivore",0.10125,0.159,0.067,NA
"52","Galago moholi","GALAGIDAE","PRIMATES","Mangroves","Africa",40,60,160,6874.167,100,259.15,1.545,2,"Polygynous
Polygynandrous (promiscuous)",17.542,54.285,"Omnivore",0.10125,0.159,0.067,NA
"53","Galago moholi","GALAGIDAE","PRIMATES","TropicalSubtropicalDryBroadleafForests","Africa",40,60,160,6874.167,100,259.15,1.545,2,"Polygynous
Polygynandrous (promiscuous)",17.542,54.285,"Omnivore",0.10125,0.159,0.067,NA
"54","Petrogale assimilis","MACROPODIDAE","DIPROTODONTIA","TropicalSubtropicalGrasslands,SavannasShrublands","Australia",0,100,4500,4745,734.99,626.245,1,1.49,"Monogamous",10.295,61.81,"Herbivore",0.122571428571429,0.191,0.056,"Herbivore"
"55","Canis lupus","CANIDAE","CARNIVORA","MontaneGrasslandsShrublands","Asia",100,0,32183.3,10767.5,5250,547.5,4.98,0.82,"Monogamous
Cooperative breeder",0.022,0.036,"Carnivore",4186.32542398573,119655,1e-04,"Carnivore"
"56","Canis lupus","CANIDAE","CARNIVORA","TemperateBroadleafMixedForests","Asia",100,0,32183.3,10767.5,5250,547.5,4.98,0.82,"Monogamous
Cooperative breeder",0.022,0.036,"Carnivore",4186.32542398573,119655,1e-04,"Carnivore"
"57","Canis lupus","CANIDAE","CARNIVORA","TemperateConiferForests","Asia",100,0,32183.3,10767.5,5250,547.5,4.98,0.82,"Monogamous
Cooperative breeder",0.022,0.036,"Carnivore",4186.32542398573,119655,1e-04,"Carnivore"
"58","Canis lupus","CANIDAE","CARNIVORA","TropicalSubtropicalMoistBroadleafForests","Asia",100,0,32183.3,10767.5,5250,547.5,4.98,0.82,"Monogamous
Cooperative breeder",0.022,0.036,"Carnivore",4186.32542398573,119655,1e-04,"Carnivore"
"59","Canis lupus","CANIDAE","CARNIVORA","TropicalSubtropicalConiferousForests","Asia",100,0,32183.3,10767.5,5250,547.5,4.98,0.82,"Monogamous
Cooperative breeder",0.022,0.036,"Carnivore",4186.32542398573,119655,1e-04,"Carnivore"
"60","Canis lupus","CANIDAE","CARNIVORA","DesertsXericShrublands","Asia",100,0,32183.3,10767.5,5250,547.5,4.98,0.82,"Monogamous
Cooperative breeder",0.022,0.036,"Carnivore",4186.32542398573,119655,1e-04,"Carnivore"
"61","Canis lupus","CANIDAE","CARNIVORA","TemperateConiferForests","NorthAmerica",100,0,32183.3,10767.5,5250,547.5,4.98,0.82,"Monogamous
Cooperative breeder",0.022,0.036,"Carnivore",4186.32542398573,119655,1e-04,"Carnivore"
"62","Canis lupus","CANIDAE","CARNIVORA","DesertsXericShrublands","NorthAmerica",100,0,32183.3,10767.5,5250,547.5,4.98,0.82,"Monogamous
Cooperative breeder",0.022,0.036,"Carnivore",4186.32542398573,119655,1e-04,"Carnivore"
"63","Canis lupus","CANIDAE","CARNIVORA","Tundra","NorthAmerica",100,0,32183.3,10767.5,5250,547.5,4.98,0.82,"Monogamous
Cooperative breeder",0.022,0.036,"Carnivore",4186.32542398573,119655,1e-04,"Carnivore"
"64","Canis lupus","CANIDAE","CARNIVORA","TemperateBroadleafMixedForests","Europe",100,0,32183.3,10767.5,5250,547.5,4.98,0.82,"Monogamous
Cooperative breeder",0.022,0.036,"Carnivore",4186.32542398573,119655,1e-04,"Carnivore"
"65","Canis lupus","CANIDAE","CARNIVORA","DesertsXericShrublands","Africa",100,0,32183.3,10767.5,5250,547.5,4.98,0.82,"Monogamous
Cooperative breeder",0.022,0.036,"Carnivore",4186.32542398573,119655,1e-04,"Carnivore"
"66","Canis lupus","CANIDAE","CARNIVORA","FloodedGrasslandsSavannas","Africa",100,0,32183.3,10767.5,5250,547.5,4.98,0.82,"Monogamous
Cooperative breeder",0.022,0.036,"Carnivore",4186.32542398573,119655,1e-04,"Carnivore"
"67","Canis lupus","CANIDAE","CARNIVORA","MediterraneanForests,WoodlandsScrub","Asia",100,0,32183.3,10767.5,5250,547.5,4.98,0.82,"Monogamous
Cooperative breeder",0.022,0.036,"Carnivore",4186.32542398573,119655,1e-04,"Carnivore"
"68","Canis lupus","CANIDAE","CARNIVORA","TemperateGrasslands,SavannasShrublands","Asia",100,0,32183.3,10767.5,5250,547.5,4.98,0.82,"Monogamous
Cooperative breeder",0.022,0.036,"Carnivore",4186.32542398573,119655,1e-04,"Carnivore"
"69","Canis lupus","CANIDAE","CARNIVORA","FloodedGrasslandsSavannas","Asia",100,0,32183.3,10767.5,5250,547.5,4.98,0.82,"Monogamous
Cooperative breeder",0.022,0.036,"Carnivore",4186.32542398573,119655,1e-04,"Carnivore"
"70","Canis lupus","CANIDAE","CARNIVORA","Tundra","Asia",100,0,32183.3,10767.5,5250,547.5,4.98,0.82,"Monogamous
Cooperative breeder",0.022,0.036,"Carnivore",4186.32542398573,119655,1e-04,"Carnivore"
"71","Canis lupus","CANIDAE","CARNIVORA","TropicalSubtropicalDryBroadleafForests","Asia",100,0,32183.3,10767.5,5250,547.5,4.98,0.82,"Monogamous
Cooperative breeder",0.022,0.036,"Carnivore",4186.32542398573,119655,1e-04,"Carnivore"
"72","Canis lupus","CANIDAE","CARNIVORA","BorealForestsTaiga","Asia",100,0,32183.3,10767.5,5250,547.5,4.98,0.82,"Monogamous
Cooperative breeder",0.022,0.036,"Carnivore",4186.32542398573,119655,1e-04,"Carnivore"
"73","Canis lupus","CANIDAE","CARNIVORA","Mangroves","Asia",100,0,32183.3,10767.5,5250,547.5,4.98,0.82,"Monogamous
Cooperative breeder",0.022,0.036,"Carnivore",4186.32542398573,119655,1e-04,"Carnivore"
"74","Canis lupus","CANIDAE","CARNIVORA","TropicalSubtropicalGrasslands,SavannasShrublands","Asia",100,0,32183.3,10767.5,5250,547.5,4.98,0.82,"Monogamous
Cooperative breeder",0.022,0.036,"Carnivore",4186.32542398573,119655,1e-04,"Carnivore"
"75","Canis lupus","CANIDAE","CARNIVORA","BorealForestsTaiga","NorthAmerica",100,0,32183.3,10767.5,5250,547.5,4.98,0.82,"Monogamous
Cooperative breeder",0.022,0.036,"Carnivore",4186.32542398573,119655,1e-04,"Carnivore"
"76","Canis lupus","CANIDAE","CARNIVORA","TemperateGrasslands,SavannasShrublands","NorthAmerica",100,0,32183.3,10767.5,5250,547.5,4.98,0.82,"Monogamous
Cooperative breeder",0.022,0.036,"Carnivore",4186.32542398573,119655,1e-04,"Carnivore"
"77","Canis lupus","CANIDAE","CARNIVORA","TemperateBroadleafMixedForests","NorthAmerica",100,0,32183.3,10767.5,5250,547.5,4.98,0.82,"Monogamous
Cooperative breeder",0.022,0.036,"Carnivore",4186.32542398573,119655,1e-04,"Carnivore"
"78","Canis lupus","CANIDAE","CARNIVORA","MediterraneanForests,WoodlandsScrub","Europe",100,0,32183.3,10767.5,5250,547.5,4.98,0.82,"Monogamous
Cooperative breeder",0.022,0.036,"Carnivore",4186.32542398573,119655,1e-04,"Carnivore"
"79","Canis lupus","CANIDAE","CARNIVORA","TemperateConiferForests","Europe",100,0,32183.3,10767.5,5250,547.5,4.98,0.82,"Monogamous
Cooperative breeder",0.022,0.036,"Carnivore",4186.32542398573,119655,1e-04,"Carnivore"
"80","Canis lupus","CANIDAE","CARNIVORA","DesertsXericShrublands","Europe",100,0,32183.3,10767.5,5250,547.5,4.98,0.82,"Monogamous
Cooperative breeder",0.022,0.036,"Carnivore",4186.32542398573,119655,1e-04,"Carnivore"
"81","Canis lupus","CANIDAE","CARNIVORA","TemperateGrasslands,SavannasShrublands","Europe",100,0,32183.3,10767.5,5250,547.5,4.98,0.82,"Monogamous
Cooperative breeder",0.022,0.036,"Carnivore",4186.32542398573,119655,1e-04,"Carnivore"
"82","Canis lupus","CANIDAE","CARNIVORA","Tundra","Europe",100,0,32183.3,10767.5,5250,547.5,4.98,0.82,"Monogamous
Cooperative breeder",0.022,0.036,"Carnivore",4186.32542398573,119655,1e-04,"Carnivore"
"83","Canis lupus","CANIDAE","CARNIVORA","BorealForestsTaiga","Europe",100,0,32183.3,10767.5,5250,547.5,4.98,0.82,"Monogamous
Cooperative breeder",0.022,0.036,"Carnivore",4186.32542398573,119655,1e-04,"Carnivore"
"84","Arctictis binturong","VIVERRIDAE","CARNIVORA","TropicalSubtropicalMoistBroadleafForests","Asia",50,50,9875,9928,2100,840,2.5,2,"Monogamous",0.853,5.118,"Omnivore",2.89,4.9,0.57,NA
"85","Arctictis binturong","VIVERRIDAE","CARNIVORA","TropicalSubtropicalConiferousForests","Asia",50,50,9875,9928,2100,840,2.5,2,"Monogamous",0.853,5.118,"Omnivore",2.89,4.9,0.57,NA
"86","Arctictis binturong","VIVERRIDAE","CARNIVORA","Mangroves","Asia",50,50,9875,9928,2100,840,2.5,2,"Monogamous",0.853,5.118,"Omnivore",2.89,4.9,0.57,NA
"87","Arctictis binturong","VIVERRIDAE","CARNIVORA","MontaneGrasslandsShrublands","Asia",50,50,9875,9928,2100,840,2.5,2,"Monogamous",0.853,5.118,"Omnivore",2.89,4.9,0.57,NA
"88","Arctictis binturong","VIVERRIDAE","CARNIVORA","TropicalSubtropicalDryBroadleafForests","Asia",50,50,9875,9928,2100,840,2.5,2,"Monogamous",0.853,5.118,"Omnivore",2.89,4.9,0.57,NA
"89","Arctictis binturong","VIVERRIDAE","CARNIVORA","TemperateBroadleafMixedForests","Asia",50,50,9875,9928,2100,840,2.5,2,"Monogamous",0.853,5.118,"Omnivore",2.89,4.9,0.57,NA
"90","Arctictis binturong","VIVERRIDAE","CARNIVORA","TemperateConiferForests","Asia",50,50,9875,9928,2100,840,2.5,2,"Monogamous",0.853,5.118,"Omnivore",2.89,4.9,0.57,NA
"91","Arctictis binturong","VIVERRIDAE","CARNIVORA","TropicalSubtropicalGrasslands,SavannasShrublands","Asia",50,50,9875,9928,2100,840,2.5,2,"Monogamous",0.853,5.118,"Omnivore",2.89,4.9,0.57,NA
"92","Urocyon cinereoargenteus","CANIDAE","CARNIVORA","TemperateBroadleafMixedForests","NorthAmerica",40,60,3833.7,5913,519.685,410,3.895,1,"Monogamous",4.481,26.904,"Omnivore",2.70444860335196,17.94,0.44,NA
"93","Urocyon cinereoargenteus","CANIDAE","CARNIVORA","TemperateConiferForests","NorthAmerica",40,60,3833.7,5913,519.685,410,3.895,1,"Monogamous",4.481,26.904,"Omnivore",2.70444860335196,17.94,0.44,NA
"94","Urocyon cinereoargenteus","CANIDAE","CARNIVORA","Mangroves","NorthAmerica",40,60,3833.7,5913,519.685,410,3.895,1,"Monogamous",4.481,26.904,"Omnivore",2.70444860335196,17.94,0.44,NA
"95","Urocyon cinereoargenteus","CANIDAE","CARNIVORA","DesertsXericShrublands","NorthAmerica",40,60,3833.7,5913,519.685,410,3.895,1,"Monogamous",4.481,26.904,"Omnivore",2.70444860335196,17.94,0.44,NA
"96","Urocyon cinereoargenteus","CANIDAE","CARNIVORA","TropicalSubtropicalDryBroadleafForests","NorthAmerica",40,60,3833.7,5913,519.685,410,3.895,1,"Monogamous",4.481,26.904,"Omnivore",2.70444860335196,17.94,0.44,NA
"97","Urocyon cinereoargenteus","CANIDAE","CARNIVORA","TropicalSubtropicalGrasslands,SavannasShrublands","NorthAmerica",40,60,3833.7,5913,519.685,410,3.895,1,"Monogamous",4.481,26.904,"Omnivore",2.70444860335196,17.94,0.44,NA
"98","Urocyon cinereoargenteus","CANIDAE","CARNIVORA","TemperateGrasslands,SavannasShrublands","NorthAmerica",40,60,3833.7,5913,519.685,410,3.895,1,"Monogamous",4.481,26.904,"Omnivore",2.70444860335196,17.94,0.44,NA
"99","Urocyon cinereoargenteus","CANIDAE","CARNIVORA","MediterraneanForests,WoodlandsScrub","NorthAmerica",40,60,3833.7,5913,519.685,410,3.895,1,"Monogamous",4.481,26.904,"Omnivore",2.70444860335196,17.94,0.44,NA
"100","Urocyon cinereoargenteus","CANIDAE","CARNIVORA","TropicalSubtropicalMoistBroadleafForests","NorthAmerica",40,60,3833.7,5913,519.685,410,3.895,1,"Monogamous",4.481,26.904,"Omnivore",2.70444860335196,17.94,0.44,NA
"101","Urocyon cinereoargenteus","CANIDAE","CARNIVORA","TropicalSubtropicalConiferousForests","NorthAmerica",40,60,3833.7,5913,519.685,410,3.895,1,"Monogamous",4.481,26.904,"Omnivore",2.70444860335196,17.94,0.44,NA
"102","Urocyon cinereoargenteus","CANIDAE","CARNIVORA","FloodedGrasslandsSavannas","NorthAmerica",40,60,3833.7,5913,519.685,410,3.895,1,"Monogamous",4.481,26.904,"Omnivore",2.70444860335196,17.94,0.44,NA
"103","Urocyon cinereoargenteus","CANIDAE","CARNIVORA","Mangroves","SouthAmerica",40,60,3833.7,5913,519.685,410,3.895,1,"Monogamous",4.481,26.904,"Omnivore",2.70444860335196,17.94,0.44,NA
"104","Urocyon cinereoargenteus","CANIDAE","CARNIVORA","TropicalSubtropicalDryBroadleafForests","SouthAmerica",40,60,3833.7,5913,519.685,410,3.895,1,"Monogamous",4.481,26.904,"Omnivore",2.70444860335196,17.94,0.44,NA
"105","Urocyon cinereoargenteus","CANIDAE","CARNIVORA","TropicalSubtropicalMoistBroadleafForests","SouthAmerica",40,60,3833.7,5913,519.685,410,3.895,1,"Monogamous",4.481,26.904,"Omnivore",2.70444860335196,17.94,0.44,NA
"106","Urocyon cinereoargenteus","CANIDAE","CARNIVORA","MontaneGrasslandsShrublands","SouthAmerica",40,60,3833.7,5913,519.685,410,3.895,1,"Monogamous",4.481,26.904,"Omnivore",2.70444860335196,17.94,0.44,NA
"107","Urocyon cinereoargenteus","CANIDAE","CARNIVORA","DesertsXericShrublands","SouthAmerica",40,60,3833.7,5913,519.685,410,3.895,1,"Monogamous",4.481,26.904,"Omnivore",2.70444860335196,17.94,0.44,NA
"108","Urocyon cinereoargenteus","CANIDAE","CARNIVORA","TropicalSubtropicalGrasslands,SavannasShrublands","SouthAmerica",40,60,3833.7,5913,519.685,410,3.895,1,"Monogamous",4.481,26.904,"Omnivore",2.70444860335196,17.94,0.44,NA
"109","Cercocebus galeritus","CERCOPITHECIDAE","PRIMATES","TropicalSubtropicalGrasslands,SavannasShrublands","Africa",30,70,7383,7665,2170,2372.5,1.005,0.654,"Polygynous",118.86,230.688,"Omnivore",0.184008620689655,1.01,0.0475,NA
"110","Cercocebus galeritus","CERCOPITHECIDAE","PRIMATES","TropicalSubtropicalMoistBroadleafForests","Africa",30,70,7383,7665,2170,2372.5,1.005,0.654,"Polygynous",118.86,230.688,"Omnivore",0.184008620689655,1.01,0.0475,NA
"111","Varecia rubra","LEMURIDAE","PRIMATES","TropicalSubtropicalMoistBroadleafForests","Africa",0,100,3450,13206.917,2893,753.088,2.2,1,"Polygynous",17.966,55.601,"Herbivore",0.16098,0.2575,0.0542,"Herbivore"
"112","Ursus arctos","URSIDAE","CARNIVORA","MediterraneanForests,WoodlandsScrub","Asia",15,85,180520.4,18250,26000,1460,2.27,0.4,"Polygynandrous (promiscuous)",0.055,0.093,"Omnivore",514.010317787272,32188,0.06,NA
"113","Ursus arctos","URSIDAE","CARNIVORA","TemperateBroadleafMixedForests","Asia",15,85,180520.4,18250,26000,1460,2.27,0.4,"Polygynandrous (promiscuous)",0.055,0.093,"Omnivore",514.010317787272,32188,0.06,NA
"114","Ursus arctos","URSIDAE","CARNIVORA","DesertsXericShrublands","Asia",15,85,180520.4,18250,26000,1460,2.27,0.4,"Polygynandrous (promiscuous)",0.055,0.093,"Omnivore",514.010317787272,32188,0.06,NA
"115","Ursus arctos","URSIDAE","CARNIVORA","TemperateGrasslands,SavannasShrublands","Asia",15,85,180520.4,18250,26000,1460,2.27,0.4,"Polygynandrous (promiscuous)",0.055,0.093,"Omnivore",514.010317787272,32188,0.06,NA
"116","Ursus arctos","URSIDAE","CARNIVORA","MontaneGrasslandsShrublands","Asia",15,85,180520.4,18250,26000,1460,2.27,0.4,"Polygynandrous (promiscuous)",0.055,0.093,"Omnivore",514.010317787272,32188,0.06,NA
"117","Ursus arctos","URSIDAE","CARNIVORA","TemperateConiferForests","Asia",15,85,180520.4,18250,26000,1460,2.27,0.4,"Polygynandrous (promiscuous)",0.055,0.093,"Omnivore",514.010317787272,32188,0.06,NA
"118","Ursus arctos","URSIDAE","CARNIVORA","TropicalSubtropicalMoistBroadleafForests","Asia",15,85,180520.4,18250,26000,1460,2.27,0.4,"Polygynandrous (promiscuous)",0.055,0.093,"Omnivore",514.010317787272,32188,0.06,NA
"119","Ursus arctos","URSIDAE","CARNIVORA","TropicalSubtropicalConiferousForests","Asia",15,85,180520.4,18250,26000,1460,2.27,0.4,"Polygynandrous (promiscuous)",0.055,0.093,"Omnivore",514.010317787272,32188,0.06,NA
"120","Ursus arctos","URSIDAE","CARNIVORA","TemperateBroadleafMixedForests","Europe",15,85,180520.4,18250,26000,1460,2.27,0.4,"Polygynandrous (promiscuous)",0.055,0.093,"Omnivore",514.010317787272,32188,0.06,NA
"121","Ursus arctos","URSIDAE","CARNIVORA","MediterraneanForests,WoodlandsScrub","Europe",15,85,180520.4,18250,26000,1460,2.27,0.4,"Polygynandrous (promiscuous)",0.055,0.093,"Omnivore",514.010317787272,32188,0.06,NA
"122","Ursus arctos","URSIDAE","CARNIVORA","TemperateConiferForests","Europe",15,85,180520.4,18250,26000,1460,2.27,0.4,"Polygynandrous (promiscuous)",0.055,0.093,"Omnivore",514.010317787272,32188,0.06,NA
"123","Ursus arctos","URSIDAE","CARNIVORA","TemperateGrasslands,SavannasShrublands","Europe",15,85,180520.4,18250,26000,1460,2.27,0.4,"Polygynandrous (promiscuous)",0.055,0.093,"Omnivore",514.010317787272,32188,0.06,NA
"124","Ursus arctos","URSIDAE","CARNIVORA","BorealForestsTaiga","NorthAmerica",15,85,180520.4,18250,26000,1460,2.27,0.4,"Polygynandrous (promiscuous)",0.055,0.093,"Omnivore",514.010317787272,32188,0.06,NA
"125","Ursus arctos","URSIDAE","CARNIVORA","TemperateConiferForests","NorthAmerica",15,85,180520.4,18250,26000,1460,2.27,0.4,"Polygynandrous (promiscuous)",0.055,0.093,"Omnivore",514.010317787272,32188,0.06,NA
"126","Ursus arctos","URSIDAE","CARNIVORA","TemperateConiferForests","Africa",15,85,180520.4,18250,26000,1460,2.27,0.4,"Polygynandrous (promiscuous)",0.055,0.093,"Omnivore",514.010317787272,32188,0.06,NA
"127","Ursus arctos","URSIDAE","CARNIVORA","MediterraneanForests,WoodlandsScrub","Africa",15,85,180520.4,18250,26000,1460,2.27,0.4,"Polygynandrous (promiscuous)",0.055,0.093,"Omnivore",514.010317787272,32188,0.06,NA
"128","Ursus arctos","URSIDAE","CARNIVORA","MontaneGrasslandsShrublands","Africa",15,85,180520.4,18250,26000,1460,2.27,0.4,"Polygynandrous (promiscuous)",0.055,0.093,"Omnivore",514.010317787272,32188,0.06,NA
"129","Ursus arctos","URSIDAE","CARNIVORA","DesertsXericShrublands","Africa",15,85,180520.4,18250,26000,1460,2.27,0.4,"Polygynandrous (promiscuous)",0.055,0.093,"Omnivore",514.010317787272,32188,0.06,NA
"130","Ursus arctos","URSIDAE","CARNIVORA","FloodedGrasslandsSavannas","Africa",15,85,180520.4,18250,26000,1460,2.27,0.4,"Polygynandrous (promiscuous)",0.055,0.093,"Omnivore",514.010317787272,32188,0.06,NA
"131","Ursus arctos","URSIDAE","CARNIVORA","BorealForestsTaiga","Asia",15,85,180520.4,18250,26000,1460,2.27,0.4,"Polygynandrous (promiscuous)",0.055,0.093,"Omnivore",514.010317787272,32188,0.06,NA
"132","Ursus arctos","URSIDAE","CARNIVORA","TemperateGrasslands,SavannasShrublands","NorthAmerica",15,85,180520.4,18250,26000,1460,2.27,0.4,"Polygynandrous (promiscuous)",0.055,0.093,"Omnivore",514.010317787272,32188,0.06,NA
"133","Ursus arctos","URSIDAE","CARNIVORA","MediterraneanForests,WoodlandsScrub","NorthAmerica",15,85,180520.4,18250,26000,1460,2.27,0.4,"Polygynandrous (promiscuous)",0.055,0.093,"Omnivore",514.010317787272,32188,0.06,NA
"134","Ursus arctos","URSIDAE","CARNIVORA","Tundra","NorthAmerica",15,85,180520.4,18250,26000,1460,2.27,0.4,"Polygynandrous (promiscuous)",0.055,0.093,"Omnivore",514.010317787272,32188,0.06,NA
"135","Ursus arctos","URSIDAE","CARNIVORA","DesertsXericShrublands","NorthAmerica",15,85,180520.4,18250,26000,1460,2.27,0.4,"Polygynandrous (promiscuous)",0.055,0.093,"Omnivore",514.010317787272,32188,0.06,NA
"136","Ursus arctos","URSIDAE","CARNIVORA","TropicalSubtropicalConiferousForests","NorthAmerica",15,85,180520.4,18250,26000,1460,2.27,0.4,"Polygynandrous (promiscuous)",0.055,0.093,"Omnivore",514.010317787272,32188,0.06,NA
"137","Ursus arctos","URSIDAE","CARNIVORA","TropicalSubtropicalDryBroadleafForests","NorthAmerica",15,85,180520.4,18250,26000,1460,2.27,0.4,"Polygynandrous (promiscuous)",0.055,0.093,"Omnivore",514.010317787272,32188,0.06,NA
"138","Ursus arctos","URSIDAE","CARNIVORA","DesertsXericShrublands","Europe",15,85,180520.4,18250,26000,1460,2.27,0.4,"Polygynandrous (promiscuous)",0.055,0.093,"Omnivore",514.010317787272,32188,0.06,NA
"139","Ursus arctos","URSIDAE","CARNIVORA","BorealForestsTaiga","Europe",15,85,180520.4,18250,26000,1460,2.27,0.4,"Polygynandrous (promiscuous)",0.055,0.093,"Omnivore",514.010317787272,32188,0.06,NA
"140","Ursus arctos","URSIDAE","CARNIVORA","Tundra","Europe",15,85,180520.4,18250,26000,1460,2.27,0.4,"Polygynandrous (promiscuous)",0.055,0.093,"Omnivore",514.010317787272,32188,0.06,NA
"141","Ursus arctos","URSIDAE","CARNIVORA","FloodedGrasslandsSavannas","Asia",15,85,180520.4,18250,26000,1460,2.27,0.4,"Polygynandrous (promiscuous)",0.055,0.093,"Omnivore",514.010317787272,32188,0.06,NA
"142","Ursus arctos","URSIDAE","CARNIVORA","Tundra","Asia",15,85,180520.4,18250,26000,1460,2.27,0.4,"Polygynandrous (promiscuous)",0.055,0.093,"Omnivore",514.010317787272,32188,0.06,NA
"143","Taxidea taxus","MUSTELIDAE","CARNIVORA","TemperateConiferForests","NorthAmerica",96,4,7107.6,9490,3000,407.4,3,0.74,"Polygynandrous (promiscuous)",0.518,1.615,"Carnivore",34.5581457772223,702,0.0202339039294241,"Carnivore"
"144","Taxidea taxus","MUSTELIDAE","CARNIVORA","TemperateBroadleafMixedForests","NorthAmerica",96,4,7107.6,9490,3000,407.4,3,0.74,"Polygynandrous (promiscuous)",0.518,1.615,"Carnivore",34.5581457772223,702,0.0202339039294241,"Carnivore"
"145","Taxidea taxus","MUSTELIDAE","CARNIVORA","DesertsXericShrublands","NorthAmerica",96,4,7107.6,9490,3000,407.4,3,0.74,"Polygynandrous (promiscuous)",0.518,1.615,"Carnivore",34.5581457772223,702,0.0202339039294241,"Carnivore"
"146","Taxidea taxus","MUSTELIDAE","CARNIVORA","TropicalSubtropicalDryBroadleafForests","NorthAmerica",96,4,7107.6,9490,3000,407.4,3,0.74,"Polygynandrous (promiscuous)",0.518,1.615,"Carnivore",34.5581457772223,702,0.0202339039294241,"Carnivore"
"147","Taxidea taxus","MUSTELIDAE","CARNIVORA","TemperateGrasslands,SavannasShrublands","NorthAmerica",96,4,7107.6,9490,3000,407.4,3,0.74,"Polygynandrous (promiscuous)",0.518,1.615,"Carnivore",34.5581457772223,702,0.0202339039294241,"Carnivore"
"148","Taxidea taxus","MUSTELIDAE","CARNIVORA","MediterraneanForests,WoodlandsScrub","NorthAmerica",96,4,7107.6,9490,3000,407.4,3,0.74,"Polygynandrous (promiscuous)",0.518,1.615,"Carnivore",34.5581457772223,702,0.0202339039294241,"Carnivore"
"149","Taxidea taxus","MUSTELIDAE","CARNIVORA","BorealForestsTaiga","NorthAmerica",96,4,7107.6,9490,3000,407.4,3,0.74,"Polygynandrous (promiscuous)",0.518,1.615,"Carnivore",34.5581457772223,702,0.0202339039294241,"Carnivore"
"150","Taxidea taxus","MUSTELIDAE","CARNIVORA","Mangroves","NorthAmerica",96,4,7107.6,9490,3000,407.4,3,0.74,"Polygynandrous (promiscuous)",0.518,1.615,"Carnivore",34.5581457772223,702,0.0202339039294241,"Carnivore"
"151","Taxidea taxus","MUSTELIDAE","CARNIVORA","TropicalSubtropicalMoistBroadleafForests","NorthAmerica",96,4,7107.6,9490,3000,407.4,3,0.74,"Polygynandrous (promiscuous)",0.518,1.615,"Carnivore",34.5581457772223,702,0.0202339039294241,"Carnivore"
"152","Taxidea taxus","MUSTELIDAE","CARNIVORA","TropicalSubtropicalConiferousForests","NorthAmerica",96,4,7107.6,9490,3000,407.4,3,0.74,"Polygynandrous (promiscuous)",0.518,1.615,"Carnivore",34.5581457772223,702,0.0202339039294241,"Carnivore"
"153","Taxidea taxus","MUSTELIDAE","CARNIVORA","TropicalSubtropicalGrasslands,SavannasShrublands","NorthAmerica",96,4,7107.6,9490,3000,407.4,3,0.74,"Polygynandrous (promiscuous)",0.518,1.615,"Carnivore",34.5581457772223,702,0.0202339039294241,"Carnivore"
"154","Lepus townsendii","LEPORIDAE","LAGOMORPHA","TemperateConiferForests","NorthAmerica",0,100,1555,2920,736.995,321.005,4.405,3.025,"Polygynandrous (promiscuous)",35.921,215.657,"Herbivore",0.880357142857143,2.16,0.25,"Herbivore"
"155","Lepus townsendii","LEPORIDAE","LAGOMORPHA","TemperateGrasslands,SavannasShrublands","NorthAmerica",0,100,1555,2920,736.995,321.005,4.405,3.025,"Polygynandrous (promiscuous)",35.921,215.657,"Herbivore",0.880357142857143,2.16,0.25,"Herbivore"
"156","Lepus townsendii","LEPORIDAE","LAGOMORPHA","MediterraneanForests,WoodlandsScrub","NorthAmerica",0,100,1555,2920,736.995,321.005,4.405,3.025,"Polygynandrous (promiscuous)",35.921,215.657,"Herbivore",0.880357142857143,2.16,0.25,"Herbivore"
"157","Lepus townsendii","LEPORIDAE","LAGOMORPHA","DesertsXericShrublands","NorthAmerica",0,100,1555,2920,736.995,321.005,4.405,3.025,"Polygynandrous (promiscuous)",35.921,215.657,"Herbivore",0.880357142857143,2.16,0.25,"Herbivore"
"158","Lepus townsendii","LEPORIDAE","LAGOMORPHA","BorealForestsTaiga","NorthAmerica",0,100,1555,2920,736.995,321.005,4.405,3.025,"Polygynandrous (promiscuous)",35.921,215.657,"Herbivore",0.880357142857143,2.16,0.25,"Herbivore"
"159","Lepus townsendii","LEPORIDAE","LAGOMORPHA","TemperateBroadleafMixedForests","NorthAmerica",0,100,1555,2920,736.995,321.005,4.405,3.025,"Polygynandrous (promiscuous)",35.921,215.657,"Herbivore",0.880357142857143,2.16,0.25,"Herbivore"
"160","Nyctereutes procyonoides","CANIDAE","CARNIVORA","TemperateConiferForests","Asia",60,40,4040,6059,780,730,6.3,1,"Monogamous
Polygynous",2.548,6.769,"Omnivore",2.56613568627451,58.6,4e-04,NA
"161","Nyctereutes procyonoides","CANIDAE","CARNIVORA","TemperateBroadleafMixedForests","Asia",60,40,4040,6059,780,730,6.3,1,"Monogamous
Polygynous",2.548,6.769,"Omnivore",2.56613568627451,58.6,4e-04,NA
"162","Nyctereutes procyonoides","CANIDAE","CARNIVORA","TropicalSubtropicalMoistBroadleafForests","Asia",60,40,4040,6059,780,730,6.3,1,"Monogamous
Polygynous",2.548,6.769,"Omnivore",2.56613568627451,58.6,4e-04,NA
"163","Nyctereutes procyonoides","CANIDAE","CARNIVORA","FloodedGrasslandsSavannas","Asia",60,40,4040,6059,780,730,6.3,1,"Monogamous
Polygynous",2.548,6.769,"Omnivore",2.56613568627451,58.6,4e-04,NA
"164","Nyctereutes procyonoides","CANIDAE","CARNIVORA","TemperateGrasslands,SavannasShrublands","Asia",60,40,4040,6059,780,730,6.3,1,"Monogamous
Polygynous",2.548,6.769,"Omnivore",2.56613568627451,58.6,4e-04,NA
"165","Nyctereutes procyonoides","CANIDAE","CARNIVORA","BorealForestsTaiga","Asia",60,40,4040,6059,780,730,6.3,1,"Monogamous
Polygynous",2.548,6.769,"Omnivore",2.56613568627451,58.6,4e-04,NA
"166","Nyctereutes procyonoides","CANIDAE","CARNIVORA","DesertsXericShrublands","Asia",60,40,4040,6059,780,730,6.3,1,"Monogamous
Polygynous",2.548,6.769,"Omnivore",2.56613568627451,58.6,4e-04,NA
"167","Nyctereutes procyonoides","CANIDAE","CARNIVORA","MontaneGrasslandsShrublands","Asia",60,40,4040,6059,780,730,6.3,1,"Monogamous
Polygynous",2.548,6.769,"Omnivore",2.56613568627451,58.6,4e-04,NA
"168","Nyctereutes procyonoides","CANIDAE","CARNIVORA","Tundra","Asia",60,40,4040,6059,780,730,6.3,1,"Monogamous
Polygynous",2.548,6.769,"Omnivore",2.56613568627451,58.6,4e-04,NA
"169","Nyctereutes procyonoides","CANIDAE","CARNIVORA","TemperateConiferForests","Europe",60,40,4040,6059,780,730,6.3,1,"Monogamous
Polygynous",2.548,6.769,"Omnivore",2.56613568627451,58.6,4e-04,NA
"170","Nyctereutes procyonoides","CANIDAE","CARNIVORA","TemperateBroadleafMixedForests","Europe",60,40,4040,6059,780,730,6.3,1,"Monogamous
Polygynous",2.548,6.769,"Omnivore",2.56613568627451,58.6,4e-04,NA
"171","Nyctereutes procyonoides","CANIDAE","CARNIVORA","DesertsXericShrublands","Europe",60,40,4040,6059,780,730,6.3,1,"Monogamous
Polygynous",2.548,6.769,"Omnivore",2.56613568627451,58.6,4e-04,NA
"172","Nyctereutes procyonoides","CANIDAE","CARNIVORA","TemperateGrasslands,SavannasShrublands","Europe",60,40,4040,6059,780,730,6.3,1,"Monogamous
Polygynous",2.548,6.769,"Omnivore",2.56613568627451,58.6,4e-04,NA
"173","Nyctereutes procyonoides","CANIDAE","CARNIVORA","BorealForestsTaiga","Europe",60,40,4040,6059,780,730,6.3,1,"Monogamous
Polygynous",2.548,6.769,"Omnivore",2.56613568627451,58.6,4e-04,NA
"174","Orycteropus afer","ORYCTEROPODIDAE","TUBULIDENTATA","MediterraneanForests,WoodlandsScrub","Africa",100,0,52350.4,10877,6250,1095,1.03,1,"Polygynous",0.233,2.723,"Carnivore",2.6459375,4.7,0.9,"Carnivore"
"175","Orycteropus afer","ORYCTEROPODIDAE","TUBULIDENTATA","TropicalSubtropicalMoistBroadleafForests","Africa",100,0,52350.4,10877,6250,1095,1.03,1,"Polygynous",0.233,2.723,"Carnivore",2.6459375,4.7,0.9,"Carnivore"
"176","Orycteropus afer","ORYCTEROPODIDAE","TUBULIDENTATA","MontaneGrasslandsShrublands","Africa",100,0,52350.4,10877,6250,1095,1.03,1,"Polygynous",0.233,2.723,"Carnivore",2.6459375,4.7,0.9,"Carnivore"
"177","Orycteropus afer","ORYCTEROPODIDAE","TUBULIDENTATA","TropicalSubtropicalGrasslands,SavannasShrublands","Africa",100,0,52350.4,10877,6250,1095,1.03,1,"Polygynous",0.233,2.723,"Carnivore",2.6459375,4.7,0.9,"Carnivore"
"178","Orycteropus afer","ORYCTEROPODIDAE","TUBULIDENTATA","Mangroves","Africa",100,0,52350.4,10877,6250,1095,1.03,1,"Polygynous",0.233,2.723,"Carnivore",2.6459375,4.7,0.9,"Carnivore"
"179","Orycteropus afer","ORYCTEROPODIDAE","TUBULIDENTATA","DesertsXericShrublands","Africa",100,0,52350.4,10877,6250,1095,1.03,1,"Polygynous",0.233,2.723,"Carnivore",2.6459375,4.7,0.9,"Carnivore"
"180","Orycteropus afer","ORYCTEROPODIDAE","TUBULIDENTATA","FloodedGrasslandsSavannas","Africa",100,0,52350.4,10877,6250,1095,1.03,1,"Polygynous",0.233,2.723,"Carnivore",2.6459375,4.7,0.9,"Carnivore"
"181","Orycteropus afer","ORYCTEROPODIDAE","TUBULIDENTATA","TropicalSubtropicalDryBroadleafForests","Africa",100,0,52350.4,10877,6250,1095,1.03,1,"Polygynous",0.233,2.723,"Carnivore",2.6459375,4.7,0.9,"Carnivore"
"182","Myotis lucifugus","VESPERTILIONIDAE","CHIROPTERA","Tundra","NorthAmerica",100,0,7.6,12410,6.79,730,1,1,"Polygynandrous (promiscuous)",6.143,36.883,"Carnivore",5.596,27.39,0.039,"Carnivore"
"183","Myotis lucifugus","VESPERTILIONIDAE","CHIROPTERA","BorealForestsTaiga","NorthAmerica",100,0,7.6,12410,6.79,730,1,1,"Polygynandrous (promiscuous)",6.143,36.883,"Carnivore",5.596,27.39,0.039,"Carnivore"
"184","Myotis lucifugus","VESPERTILIONIDAE","CHIROPTERA","TemperateConiferForests","NorthAmerica",100,0,7.6,12410,6.79,730,1,1,"Polygynandrous (promiscuous)",6.143,36.883,"Carnivore",5.596,27.39,0.039,"Carnivore"
"185","Myotis lucifugus","VESPERTILIONIDAE","CHIROPTERA","TemperateBroadleafMixedForests","NorthAmerica",100,0,7.6,12410,6.79,730,1,1,"Polygynandrous (promiscuous)",6.143,36.883,"Carnivore",5.596,27.39,0.039,"Carnivore"
"186","Myotis lucifugus","VESPERTILIONIDAE","CHIROPTERA","Mangroves","NorthAmerica",100,0,7.6,12410,6.79,730,1,1,"Polygynandrous (promiscuous)",6.143,36.883,"Carnivore",5.596,27.39,0.039,"Carnivore"
"187","Myotis lucifugus","VESPERTILIONIDAE","CHIROPTERA","TemperateGrasslands,SavannasShrublands","NorthAmerica",100,0,7.6,12410,6.79,730,1,1,"Polygynandrous (promiscuous)",6.143,36.883,"Carnivore",5.596,27.39,0.039,"Carnivore"
"188","Myotis lucifugus","VESPERTILIONIDAE","CHIROPTERA","MediterraneanForests,WoodlandsScrub","NorthAmerica",100,0,7.6,12410,6.79,730,1,1,"Polygynandrous (promiscuous)",6.143,36.883,"Carnivore",5.596,27.39,0.039,"Carnivore"
"189","Myotis lucifugus","VESPERTILIONIDAE","CHIROPTERA","DesertsXericShrublands","NorthAmerica",100,0,7.6,12410,6.79,730,1,1,"Polygynandrous (promiscuous)",6.143,36.883,"Carnivore",5.596,27.39,0.039,"Carnivore"
"190","Talpa europaea","TALPIDAE","EULIPOTYPHLA","TemperateBroadleafMixedForests","Europe",100,0,77,2555,47.845,365,3.99,1.075,"Polygynandrous (promiscuous)",689.54,6374.264,"Carnivore",0.0031,0.012185,0.000342,"Carnivore"
"191","Talpa europaea","TALPIDAE","EULIPOTYPHLA","TemperateConiferForests","Europe",100,0,77,2555,47.845,365,3.99,1.075,"Polygynandrous (promiscuous)",689.54,6374.264,"Carnivore",0.0031,0.012185,0.000342,"Carnivore"
"192","Talpa europaea","TALPIDAE","EULIPOTYPHLA","MediterraneanForests,WoodlandsScrub","Asia",100,0,77,2555,47.845,365,3.99,1.075,"Polygynandrous (promiscuous)",689.54,6374.264,"Carnivore",0.0031,0.012185,0.000342,"Carnivore"
"193","Talpa europaea","TALPIDAE","EULIPOTYPHLA","TemperateBroadleafMixedForests","Asia",100,0,77,2555,47.845,365,3.99,1.075,"Polygynandrous (promiscuous)",689.54,6374.264,"Carnivore",0.0031,0.012185,0.000342,"Carnivore"
"194","Talpa europaea","TALPIDAE","EULIPOTYPHLA","TemperateGrasslands,SavannasShrublands","Asia",100,0,77,2555,47.845,365,3.99,1.075,"Polygynandrous (promiscuous)",689.54,6374.264,"Carnivore",0.0031,0.012185,0.000342,"Carnivore"
"195","Talpa europaea","TALPIDAE","EULIPOTYPHLA","BorealForestsTaiga","Asia",100,0,77,2555,47.845,365,3.99,1.075,"Polygynandrous (promiscuous)",689.54,6374.264,"Carnivore",0.0031,0.012185,0.000342,"Carnivore"
"196","Talpa europaea","TALPIDAE","EULIPOTYPHLA","MediterraneanForests,WoodlandsScrub","Europe",100,0,77,2555,47.845,365,3.99,1.075,"Polygynandrous (promiscuous)",689.54,6374.264,"Carnivore",0.0031,0.012185,0.000342,"Carnivore"
"197","Talpa europaea","TALPIDAE","EULIPOTYPHLA","TemperateGrasslands,SavannasShrublands","Europe",100,0,77,2555,47.845,365,3.99,1.075,"Polygynandrous (promiscuous)",689.54,6374.264,"Carnivore",0.0031,0.012185,0.000342,"Carnivore"
"198","Talpa europaea","TALPIDAE","EULIPOTYPHLA","Tundra","Europe",100,0,77,2555,47.845,365,3.99,1.075,"Polygynandrous (promiscuous)",689.54,6374.264,"Carnivore",0.0031,0.012185,0.000342,"Carnivore"
"199","Talpa europaea","TALPIDAE","EULIPOTYPHLA","BorealForestsTaiga","Europe",100,0,77,2555,47.845,365,3.99,1.075,"Polygynandrous (promiscuous)",689.54,6374.264,"Carnivore",0.0031,0.012185,0.000342,"Carnivore"
"200","Macropus giganteus","MACROPODIDAE","DIPROTODONTIA","TemperateBroadleafMixedForests","Australia",0,100,25875,9125,6062.015,812.6,1,1,"Polygynous",75.948,181.266,"Herbivore",0.393956390977444,1.62,0.06,"Herbivore"
"201","Macropus giganteus","MACROPODIDAE","DIPROTODONTIA","MontaneGrasslandsShrublands","Australia",0,100,25875,9125,6062.015,812.6,1,1,"Polygynous",75.948,181.266,"Herbivore",0.393956390977444,1.62,0.06,"Herbivore"
"202","Macropus giganteus","MACROPODIDAE","DIPROTODONTIA","TropicalSubtropicalGrasslands,SavannasShrublands","Australia",0,100,25875,9125,6062.015,812.6,1,1,"Polygynous",75.948,181.266,"Herbivore",0.393956390977444,1.62,0.06,"Herbivore"
"203","Macropus giganteus","MACROPODIDAE","DIPROTODONTIA","TemperateGrasslands,SavannasShrublands","Australia",0,100,25875,9125,6062.015,812.6,1,1,"Polygynous",75.948,181.266,"Herbivore",0.393956390977444,1.62,0.06,"Herbivore"
"204","Macropus giganteus","MACROPODIDAE","DIPROTODONTIA","MediterraneanForests,WoodlandsScrub","Australia",0,100,25875,9125,6062.015,812.6,1,1,"Polygynous",75.948,181.266,"Herbivore",0.393956390977444,1.62,0.06,"Herbivore"
"205","Macropus giganteus","MACROPODIDAE","DIPROTODONTIA","TropicalSubtropicalMoistBroadleafForests","Australia",0,100,25875,9125,6062.015,812.6,1,1,"Polygynous",75.948,181.266,"Herbivore",0.393956390977444,1.62,0.06,"Herbivore"
"206","Macropus giganteus","MACROPODIDAE","DIPROTODONTIA","DesertsXericShrublands","Australia",0,100,25875,9125,6062.015,812.6,1,1,"Polygynous",75.948,181.266,"Herbivore",0.393956390977444,1.62,0.06,"Herbivore"
"207","Colobus vellerosus","CERCOPITHECIDAE","PRIMATES","Mangroves","Africa",0,100,11505.2,12373.5,1240,1832.529,1,0.6,"Polygynous",13.231,79.436,"Herbivore",0.10409375,0.198,0.042,"Herbivore"
"208","Colobus vellerosus","CERCOPITHECIDAE","PRIMATES","TropicalSubtropicalMoistBroadleafForests","Africa",0,100,11505.2,12373.5,1240,1832.529,1,0.6,"Polygynous",13.231,79.436,"Herbivore",0.10409375,0.198,0.042,"Herbivore"
"209","Colobus vellerosus","CERCOPITHECIDAE","PRIMATES","TropicalSubtropicalGrasslands,SavannasShrublands","Africa",0,100,11505.2,12373.5,1240,1832.529,1,0.6,"Polygynous",13.231,79.436,"Herbivore",0.10409375,0.198,0.042,"Herbivore"
"210","Mustela nivalis","MUSTELIDAE","CARNIVORA","MediterraneanForests,WoodlandsScrub","Europe",100,0,137.5,3650,44.565,206.235,5.085,1.5,"Polygynandrous (promiscuous)",3.63,21.796,"Carnivore",0.373336134453781,2.158,0.006,"Carnivore"
"211","Mustela nivalis","MUSTELIDAE","CARNIVORA","TemperateBroadleafMixedForests","Europe",100,0,137.5,3650,44.565,206.235,5.085,1.5,"Polygynandrous (promiscuous)",3.63,21.796,"Carnivore",0.373336134453781,2.158,0.006,"Carnivore"
"212","Mustela nivalis","MUSTELIDAE","CARNIVORA","TemperateBroadleafMixedForests","Asia",100,0,137.5,3650,44.565,206.235,5.085,1.5,"Polygynandrous (promiscuous)",3.63,21.796,"Carnivore",0.373336134453781,2.158,0.006,"Carnivore"
"213","Mustela nivalis","MUSTELIDAE","CARNIVORA","TemperateConiferForests","Asia",100,0,137.5,3650,44.565,206.235,5.085,1.5,"Polygynandrous (promiscuous)",3.63,21.796,"Carnivore",0.373336134453781,2.158,0.006,"Carnivore"
"214","Mustela nivalis","MUSTELIDAE","CARNIVORA","MediterraneanForests,WoodlandsScrub","Africa",100,0,137.5,3650,44.565,206.235,5.085,1.5,"Polygynandrous (promiscuous)",3.63,21.796,"Carnivore",0.373336134453781,2.158,0.006,"Carnivore"
"215","Mustela nivalis","MUSTELIDAE","CARNIVORA","TemperateConiferForests","Africa",100,0,137.5,3650,44.565,206.235,5.085,1.5,"Polygynandrous (promiscuous)",3.63,21.796,"Carnivore",0.373336134453781,2.158,0.006,"Carnivore"
"216","Mustela nivalis","MUSTELIDAE","CARNIVORA","MontaneGrasslandsShrublands","Africa",100,0,137.5,3650,44.565,206.235,5.085,1.5,"Polygynandrous (promiscuous)",3.63,21.796,"Carnivore",0.373336134453781,2.158,0.006,"Carnivore"
"217","Mustela nivalis","MUSTELIDAE","CARNIVORA","DesertsXericShrublands","Africa",100,0,137.5,3650,44.565,206.235,5.085,1.5,"Polygynandrous (promiscuous)",3.63,21.796,"Carnivore",0.373336134453781,2.158,0.006,"Carnivore"
"218","Mustela nivalis","MUSTELIDAE","CARNIVORA","FloodedGrasslandsSavannas","Africa",100,0,137.5,3650,44.565,206.235,5.085,1.5,"Polygynandrous (promiscuous)",3.63,21.796,"Carnivore",0.373336134453781,2.158,0.006,"Carnivore"
"219","Mustela nivalis","MUSTELIDAE","CARNIVORA","MediterraneanForests,WoodlandsScrub","Asia",100,0,137.5,3650,44.565,206.235,5.085,1.5,"Polygynandrous (promiscuous)",3.63,21.796,"Carnivore",0.373336134453781,2.158,0.006,"Carnivore"
"220","Mustela nivalis","MUSTELIDAE","CARNIVORA","TemperateGrasslands,SavannasShrublands","Asia",100,0,137.5,3650,44.565,206.235,5.085,1.5,"Polygynandrous (promiscuous)",3.63,21.796,"Carnivore",0.373336134453781,2.158,0.006,"Carnivore"
"221","Mustela nivalis","MUSTELIDAE","CARNIVORA","DesertsXericShrublands","Asia",100,0,137.5,3650,44.565,206.235,5.085,1.5,"Polygynandrous (promiscuous)",3.63,21.796,"Carnivore",0.373336134453781,2.158,0.006,"Carnivore"
"222","Mustela nivalis","MUSTELIDAE","CARNIVORA","MontaneGrasslandsShrublands","Asia",100,0,137.5,3650,44.565,206.235,5.085,1.5,"Polygynandrous (promiscuous)",3.63,21.796,"Carnivore",0.373336134453781,2.158,0.006,"Carnivore"
"223","Mustela nivalis","MUSTELIDAE","CARNIVORA","FloodedGrasslandsSavannas","Asia",100,0,137.5,3650,44.565,206.235,5.085,1.5,"Polygynandrous (promiscuous)",3.63,21.796,"Carnivore",0.373336134453781,2.158,0.006,"Carnivore"
"224","Mustela nivalis","MUSTELIDAE","CARNIVORA","Tundra","Asia",100,0,137.5,3650,44.565,206.235,5.085,1.5,"Polygynandrous (promiscuous)",3.63,21.796,"Carnivore",0.373336134453781,2.158,0.006,"Carnivore"
"225","Mustela nivalis","MUSTELIDAE","CARNIVORA","BorealForestsTaiga","Asia",100,0,137.5,3650,44.565,206.235,5.085,1.5,"Polygynandrous (promiscuous)",3.63,21.796,"Carnivore",0.373336134453781,2.158,0.006,"Carnivore"
"226","Mustela nivalis","MUSTELIDAE","CARNIVORA","TropicalSubtropicalMoistBroadleafForests","Asia",100,0,137.5,3650,44.565,206.235,5.085,1.5,"Polygynandrous (promiscuous)",3.63,21.796,"Carnivore",0.373336134453781,2.158,0.006,"Carnivore"
"227","Mustela nivalis","MUSTELIDAE","CARNIVORA","Tundra","NorthAmerica",100,0,137.5,3650,44.565,206.235,5.085,1.5,"Polygynandrous (promiscuous)",3.63,21.796,"Carnivore",0.373336134453781,2.158,0.006,"Carnivore"
"228","Mustela nivalis","MUSTELIDAE","CARNIVORA","BorealForestsTaiga","NorthAmerica",100,0,137.5,3650,44.565,206.235,5.085,1.5,"Polygynandrous (promiscuous)",3.63,21.796,"Carnivore",0.373336134453781,2.158,0.006,"Carnivore"
"229","Mustela nivalis","MUSTELIDAE","CARNIVORA","TemperateConiferForests","NorthAmerica",100,0,137.5,3650,44.565,206.235,5.085,1.5,"Polygynandrous (promiscuous)",3.63,21.796,"Carnivore",0.373336134453781,2.158,0.006,"Carnivore"
"230","Mustela nivalis","MUSTELIDAE","CARNIVORA","TemperateBroadleafMixedForests","NorthAmerica",100,0,137.5,3650,44.565,206.235,5.085,1.5,"Polygynandrous (promiscuous)",3.63,21.796,"Carnivore",0.373336134453781,2.158,0.006,"Carnivore"
"231","Mustela nivalis","MUSTELIDAE","CARNIVORA","TemperateGrasslands,SavannasShrublands","NorthAmerica",100,0,137.5,3650,44.565,206.235,5.085,1.5,"Polygynandrous (promiscuous)",3.63,21.796,"Carnivore",0.373336134453781,2.158,0.006,"Carnivore"
"232","Mustela nivalis","MUSTELIDAE","CARNIVORA","TemperateConiferForests","Europe",100,0,137.5,3650,44.565,206.235,5.085,1.5,"Polygynandrous (promiscuous)",3.63,21.796,"Carnivore",0.373336134453781,2.158,0.006,"Carnivore"
"233","Mustela nivalis","MUSTELIDAE","CARNIVORA","Tundra","Europe",100,0,137.5,3650,44.565,206.235,5.085,1.5,"Polygynandrous (promiscuous)",3.63,21.796,"Carnivore",0.373336134453781,2.158,0.006,"Carnivore"
"234","Mustela nivalis","MUSTELIDAE","CARNIVORA","DesertsXericShrublands","Europe",100,0,137.5,3650,44.565,206.235,5.085,1.5,"Polygynandrous (promiscuous)",3.63,21.796,"Carnivore",0.373336134453781,2.158,0.006,"Carnivore"
"235","Mustela nivalis","MUSTELIDAE","CARNIVORA","TemperateGrasslands,SavannasShrublands","Europe",100,0,137.5,3650,44.565,206.235,5.085,1.5,"Polygynandrous (promiscuous)",3.63,21.796,"Carnivore",0.373336134453781,2.158,0.006,"Carnivore"
"236","Mustela nivalis","MUSTELIDAE","CARNIVORA","BorealForestsTaiga","Europe",100,0,137.5,3650,44.565,206.235,5.085,1.5,"Polygynandrous (promiscuous)",3.63,21.796,"Carnivore",0.373336134453781,2.158,0.006,"Carnivore"
"237","Panthera leo","FELIDAE","CARNIVORA","DesertsXericShrublands","Africa",100,0,161499.1,10950,8480,1047.55,2.825,1,"Polygynous
Cooperative breeder",0.075,0.126,"Carnivore",584.295654726266,4897,0.4,"Carnivore"
"238","Panthera leo","FELIDAE","CARNIVORA","TropicalSubtropicalGrasslands,SavannasShrublands","Africa",100,0,161499.1,10950,8480,1047.55,2.825,1,"Polygynous
Cooperative breeder",0.075,0.126,"Carnivore",584.295654726266,4897,0.4,"Carnivore"
"239","Panthera leo","FELIDAE","CARNIVORA","FloodedGrasslandsSavannas","Africa",100,0,161499.1,10950,8480,1047.55,2.825,1,"Polygynous
Cooperative breeder",0.075,0.126,"Carnivore",584.295654726266,4897,0.4,"Carnivore"
"240","Panthera leo","FELIDAE","CARNIVORA","Mangroves","Africa",100,0,161499.1,10950,8480,1047.55,2.825,1,"Polygynous
Cooperative breeder",0.075,0.126,"Carnivore",584.295654726266,4897,0.4,"Carnivore"
"241","Panthera leo","FELIDAE","CARNIVORA","TropicalSubtropicalMoistBroadleafForests","Africa",100,0,161499.1,10950,8480,1047.55,2.825,1,"Polygynous
Cooperative breeder",0.075,0.126,"Carnivore",584.295654726266,4897,0.4,"Carnivore"
"242","Panthera leo","FELIDAE","CARNIVORA","MontaneGrasslandsShrublands","Africa",100,0,161499.1,10950,8480,1047.55,2.825,1,"Polygynous
Cooperative breeder",0.075,0.126,"Carnivore",584.295654726266,4897,0.4,"Carnivore"
"243","Panthera leo","FELIDAE","CARNIVORA","MediterraneanForests,WoodlandsScrub","Africa",100,0,161499.1,10950,8480,1047.55,2.825,1,"Polygynous
Cooperative breeder",0.075,0.126,"Carnivore",584.295654726266,4897,0.4,"Carnivore"
"244","Panthera leo","FELIDAE","CARNIVORA","TemperateConiferForests","Africa",100,0,161499.1,10950,8480,1047.55,2.825,1,"Polygynous
Cooperative breeder",0.075,0.126,"Carnivore",584.295654726266,4897,0.4,"Carnivore"
"245","Panthera leo","FELIDAE","CARNIVORA","TropicalSubtropicalDryBroadleafForests","Africa",100,0,161499.1,10950,8480,1047.55,2.825,1,"Polygynous
Cooperative breeder",0.075,0.126,"Carnivore",584.295654726266,4897,0.4,"Carnivore"
"246","Panthera leo","FELIDAE","CARNIVORA","MediterraneanForests,WoodlandsScrub","Asia",100,0,161499.1,10950,8480,1047.55,2.825,1,"Polygynous
Cooperative breeder",0.075,0.126,"Carnivore",584.295654726266,4897,0.4,"Carnivore"
"247","Panthera leo","FELIDAE","CARNIVORA","TemperateBroadleafMixedForests","Asia",100,0,161499.1,10950,8480,1047.55,2.825,1,"Polygynous
Cooperative breeder",0.075,0.126,"Carnivore",584.295654726266,4897,0.4,"Carnivore"
"248","Panthera leo","FELIDAE","CARNIVORA","DesertsXericShrublands","Asia",100,0,161499.1,10950,8480,1047.55,2.825,1,"Polygynous
Cooperative breeder",0.075,0.126,"Carnivore",584.295654726266,4897,0.4,"Carnivore"
"249","Panthera leo","FELIDAE","CARNIVORA","TemperateGrasslands,SavannasShrublands","Asia",100,0,161499.1,10950,8480,1047.55,2.825,1,"Polygynous
Cooperative breeder",0.075,0.126,"Carnivore",584.295654726266,4897,0.4,"Carnivore"
"250","Panthera leo","FELIDAE","CARNIVORA","TropicalSubtropicalDryBroadleafForests","Asia",100,0,161499.1,10950,8480,1047.55,2.825,1,"Polygynous
Cooperative breeder",0.075,0.126,"Carnivore",584.295654726266,4897,0.4,"Carnivore"
"251","Panthera leo","FELIDAE","CARNIVORA","TemperateConiferForests","Asia",100,0,161499.1,10950,8480,1047.55,2.825,1,"Polygynous
Cooperative breeder",0.075,0.126,"Carnivore",584.295654726266,4897,0.4,"Carnivore"
"252","Panthera leo","FELIDAE","CARNIVORA","TropicalSubtropicalMoistBroadleafForests","Asia",100,0,161499.1,10950,8480,1047.55,2.825,1,"Polygynous
Cooperative breeder",0.075,0.126,"Carnivore",584.295654726266,4897,0.4,"Carnivore"
"253","Panthera leo","FELIDAE","CARNIVORA","Mangroves","Asia",100,0,161499.1,10950,8480,1047.55,2.825,1,"Polygynous
Cooperative breeder",0.075,0.126,"Carnivore",584.295654726266,4897,0.4,"Carnivore"
"254","Panthera leo","FELIDAE","CARNIVORA","MontaneGrasslandsShrublands","Asia",100,0,161499.1,10950,8480,1047.55,2.825,1,"Polygynous
Cooperative breeder",0.075,0.126,"Carnivore",584.295654726266,4897,0.4,"Carnivore"
"255","Panthera leo","FELIDAE","CARNIVORA","FloodedGrasslandsSavannas","Asia",100,0,161499.1,10950,8480,1047.55,2.825,1,"Polygynous
Cooperative breeder",0.075,0.126,"Carnivore",584.295654726266,4897,0.4,"Carnivore"
"256","Panthera leo","FELIDAE","CARNIVORA","MediterraneanForests,WoodlandsScrub","Europe",100,0,161499.1,10950,8480,1047.55,2.825,1,"Polygynous
Cooperative breeder",0.075,0.126,"Carnivore",584.295654726266,4897,0.4,"Carnivore"
"257","Panthera leo","FELIDAE","CARNIVORA","TemperateBroadleafMixedForests","Europe",100,0,161499.1,10950,8480,1047.55,2.825,1,"Polygynous
Cooperative breeder",0.075,0.126,"Carnivore",584.295654726266,4897,0.4,"Carnivore"
"258","Macaca fuscata","CERCOPITHECIDAE","PRIMATES","TemperateBroadleafMixedForests","Asia",10,90,10400,14052.5,1767.5,1879.75,1.415,0.5,"Polygynandrous (promiscuous)",13.462,80.821,"Omnivore",5.91461326162603,39.7,0.29,"Herbivore"
"259","Macaca fuscata","CERCOPITHECIDAE","PRIMATES","TropicalSubtropicalMoistBroadleafForests","Asia",10,90,10400,14052.5,1767.5,1879.75,1.415,0.5,"Polygynandrous (promiscuous)",13.462,80.821,"Omnivore",5.91461326162603,39.7,0.29,"Herbivore"
"260","Macaca fuscata","CERCOPITHECIDAE","PRIMATES","TemperateConiferForests","Asia",10,90,10400,14052.5,1767.5,1879.75,1.415,0.5,"Polygynandrous (promiscuous)",13.462,80.821,"Omnivore",5.91461326162603,39.7,0.29,"Herbivore"
"261","Rousettus aegyptiacus","PTEROPODIDAE","CHIROPTERA","TropicalSubtropicalMoistBroadleafForests","Africa",0,100,132.2,8358.5,73.8,365,1.035,2,"Polygynandrous (promiscuous)",6.667,40.027,"Herbivore",6.64571428571429,12.71,2.57,"Herbivore"
"262","Rousettus aegyptiacus","PTEROPODIDAE","CHIROPTERA","TropicalSubtropicalGrasslands,SavannasShrublands","Africa",0,100,132.2,8358.5,73.8,365,1.035,2,"Polygynandrous (promiscuous)",6.667,40.027,"Herbivore",6.64571428571429,12.71,2.57,"Herbivore"
"263","Rousettus aegyptiacus","PTEROPODIDAE","CHIROPTERA","DesertsXericShrublands","Africa",0,100,132.2,8358.5,73.8,365,1.035,2,"Polygynandrous (promiscuous)",6.667,40.027,"Herbivore",6.64571428571429,12.71,2.57,"Herbivore"
"264","Rousettus aegyptiacus","PTEROPODIDAE","CHIROPTERA","FloodedGrasslandsSavannas","Africa",0,100,132.2,8358.5,73.8,365,1.035,2,"Polygynandrous (promiscuous)",6.667,40.027,"Herbivore",6.64571428571429,12.71,2.57,"Herbivore"
"265","Rousettus aegyptiacus","PTEROPODIDAE","CHIROPTERA","Mangroves","Africa",0,100,132.2,8358.5,73.8,365,1.035,2,"Polygynandrous (promiscuous)",6.667,40.027,"Herbivore",6.64571428571429,12.71,2.57,"Herbivore"
"266","Rousettus aegyptiacus","PTEROPODIDAE","CHIROPTERA","MontaneGrasslandsShrublands","Africa",0,100,132.2,8358.5,73.8,365,1.035,2,"Polygynandrous (promiscuous)",6.667,40.027,"Herbivore",6.64571428571429,12.71,2.57,"Herbivore"
"267","Rousettus aegyptiacus","PTEROPODIDAE","CHIROPTERA","MediterraneanForests,WoodlandsScrub","Asia",0,100,132.2,8358.5,73.8,365,1.035,2,"Polygynandrous (promiscuous)",6.667,40.027,"Herbivore",6.64571428571429,12.71,2.57,"Herbivore"
"268","Rousettus aegyptiacus","PTEROPODIDAE","CHIROPTERA","MediterraneanForests,WoodlandsScrub","Africa",0,100,132.2,8358.5,73.8,365,1.035,2,"Polygynandrous (promiscuous)",6.667,40.027,"Herbivore",6.64571428571429,12.71,2.57,"Herbivore"
"269","Rousettus aegyptiacus","PTEROPODIDAE","CHIROPTERA","TemperateGrasslands,SavannasShrublands","Asia",0,100,132.2,8358.5,73.8,365,1.035,2,"Polygynandrous (promiscuous)",6.667,40.027,"Herbivore",6.64571428571429,12.71,2.57,"Herbivore"
"270","Rousettus aegyptiacus","PTEROPODIDAE","CHIROPTERA","DesertsXericShrublands","Asia",0,100,132.2,8358.5,73.8,365,1.035,2,"Polygynandrous (promiscuous)",6.667,40.027,"Herbivore",6.64571428571429,12.71,2.57,"Herbivore"
"271","Rousettus aegyptiacus","PTEROPODIDAE","CHIROPTERA","Mangroves","Asia",0,100,132.2,8358.5,73.8,365,1.035,2,"Polygynandrous (promiscuous)",6.667,40.027,"Herbivore",6.64571428571429,12.71,2.57,"Herbivore"
"272","Rousettus aegyptiacus","PTEROPODIDAE","CHIROPTERA","MontaneGrasslandsShrublands","Asia",0,100,132.2,8358.5,73.8,365,1.035,2,"Polygynandrous (promiscuous)",6.667,40.027,"Herbivore",6.64571428571429,12.71,2.57,"Herbivore"
"273","Rousettus aegyptiacus","PTEROPODIDAE","CHIROPTERA","TropicalSubtropicalGrasslands,SavannasShrublands","Asia",0,100,132.2,8358.5,73.8,365,1.035,2,"Polygynandrous (promiscuous)",6.667,40.027,"Herbivore",6.64571428571429,12.71,2.57,"Herbivore"
"274","Macaca radiata","CERCOPITHECIDAE","PRIMATES","DesertsXericShrublands","Asia",10,90,3690,10959.125,2000,1460,1,1,"Polygynandrous (promiscuous)",19.327,45.777,"Omnivore",0.971227388612359,0.971227388612359,0.971227388612359,"Herbivore"
"275","Macaca radiata","CERCOPITHECIDAE","PRIMATES","TropicalSubtropicalDryBroadleafForests","Asia",10,90,3690,10959.125,2000,1460,1,1,"Polygynandrous (promiscuous)",19.327,45.777,"Omnivore",0.971227388612359,0.971227388612359,0.971227388612359,"Herbivore"
"276","Macaca radiata","CERCOPITHECIDAE","PRIMATES","TropicalSubtropicalMoistBroadleafForests","Asia",10,90,3690,10959.125,2000,1460,1,1,"Polygynandrous (promiscuous)",19.327,45.777,"Omnivore",0.971227388612359,0.971227388612359,0.971227388612359,"Herbivore"
"277","Macaca radiata","CERCOPITHECIDAE","PRIMATES","Mangroves","Asia",10,90,3690,10959.125,2000,1460,1,1,"Polygynandrous (promiscuous)",19.327,45.777,"Omnivore",0.971227388612359,0.971227388612359,0.971227388612359,"Herbivore"
"278","Nasalis larvatus","CERCOPITHECIDAE","PRIMATES","TropicalSubtropicalMoistBroadleafForests","Asia",0,100,9000,9161.5,2000,1642.5,1.01,0.7,"Polygynous",14.597,27.785,"Herbivore",0.721167875647668,3.15,0.01,"Herbivore"
"279","Nasalis larvatus","CERCOPITHECIDAE","PRIMATES","Mangroves","Asia",0,100,9000,9161.5,2000,1642.5,1.01,0.7,"Polygynous",14.597,27.785,"Herbivore",0.721167875647668,3.15,0.01,"Herbivore"
"280","Tamiasciurus hudsonicus","SCIURIDAE","RODENTIA","Tundra","NorthAmerica",30,70,201.2,4380,83.8,393.435,4.2,1.725,"Polygynandrous (promiscuous)",219.016,494.843,"Herbivore",0.0191383265283036,0.1043,0.00129496985148315,NA
"281","Tamiasciurus hudsonicus","SCIURIDAE","RODENTIA","BorealForestsTaiga","NorthAmerica",30,70,201.2,4380,83.8,393.435,4.2,1.725,"Polygynandrous (promiscuous)",219.016,494.843,"Herbivore",0.0191383265283036,0.1043,0.00129496985148315,NA
"282","Tamiasciurus hudsonicus","SCIURIDAE","RODENTIA","TemperateConiferForests","NorthAmerica",30,70,201.2,4380,83.8,393.435,4.2,1.725,"Polygynandrous (promiscuous)",219.016,494.843,"Herbivore",0.0191383265283036,0.1043,0.00129496985148315,NA
"283","Tamiasciurus hudsonicus","SCIURIDAE","RODENTIA","TemperateBroadleafMixedForests","NorthAmerica",30,70,201.2,4380,83.8,393.435,4.2,1.725,"Polygynandrous (promiscuous)",219.016,494.843,"Herbivore",0.0191383265283036,0.1043,0.00129496985148315,NA
"284","Tamiasciurus hudsonicus","SCIURIDAE","RODENTIA","TemperateGrasslands,SavannasShrublands","NorthAmerica",30,70,201.2,4380,83.8,393.435,4.2,1.725,"Polygynandrous (promiscuous)",219.016,494.843,"Herbivore",0.0191383265283036,0.1043,0.00129496985148315,NA
"285","Tamiasciurus hudsonicus","SCIURIDAE","RODENTIA","DesertsXericShrublands","NorthAmerica",30,70,201.2,4380,83.8,393.435,4.2,1.725,"Polygynandrous (promiscuous)",219.016,494.843,"Herbivore",0.0191383265283036,0.1043,0.00129496985148315,NA
"286","Tamiasciurus hudsonicus","SCIURIDAE","RODENTIA","TropicalSubtropicalConiferousForests","NorthAmerica",30,70,201.2,4380,83.8,393.435,4.2,1.725,"Polygynandrous (promiscuous)",219.016,494.843,"Herbivore",0.0191383265283036,0.1043,0.00129496985148315,NA
"287","Bradypus torquatus","BRADYPODIDAE","PILOSA","TropicalSubtropicalMoistBroadleafForests","SouthAmerica",0,100,3900,4380,1468.31,821.562,1,1,"Polygynous",10.208,61.289,"Herbivore",0.061898,0.2933,0.0039,"Herbivore"
"288","Bradypus torquatus","BRADYPODIDAE","PILOSA","TropicalSubtropicalDryBroadleafForests","SouthAmerica",0,100,3900,4380,1468.31,821.562,1,1,"Polygynous",10.208,61.289,"Herbivore",0.061898,0.2933,0.0039,"Herbivore"
"289","Bradypus torquatus","BRADYPODIDAE","PILOSA","Mangroves","SouthAmerica",0,100,3900,4380,1468.31,821.562,1,1,"Polygynous",10.208,61.289,"Herbivore",0.061898,0.2933,0.0039,"Herbivore"
"290","Papio ursinus","CERCOPITHECIDAE","PRIMATES","TropicalSubtropicalGrasslands,SavannasShrublands","Africa",30,70,27939.1,16425,3624.895,1339.55,1.005,0.8,"Polygynous
Polygynandrous (promiscuous)",2.674,5.662,"Carnivore",20.9566397260274,60.27,3.4,NA
"291","Papio ursinus","CERCOPITHECIDAE","PRIMATES","DesertsXericShrublands","Africa",30,70,27939.1,16425,3624.895,1339.55,1.005,0.8,"Polygynous
Polygynandrous (promiscuous)",2.674,5.662,"Carnivore",20.9566397260274,60.27,3.4,NA
"292","Papio ursinus","CERCOPITHECIDAE","PRIMATES","FloodedGrasslandsSavannas","Africa",30,70,27939.1,16425,3624.895,1339.55,1.005,0.8,"Polygynous
Polygynandrous (promiscuous)",2.674,5.662,"Carnivore",20.9566397260274,60.27,3.4,NA
"293","Papio ursinus","CERCOPITHECIDAE","PRIMATES","TropicalSubtropicalMoistBroadleafForests","Africa",30,70,27939.1,16425,3624.895,1339.55,1.005,0.8,"Polygynous
Polygynandrous (promiscuous)",2.674,5.662,"Carnivore",20.9566397260274,60.27,3.4,NA
"294","Papio ursinus","CERCOPITHECIDAE","PRIMATES","MontaneGrasslandsShrublands","Africa",30,70,27939.1,16425,3624.895,1339.55,1.005,0.8,"Polygynous
Polygynandrous (promiscuous)",2.674,5.662,"Carnivore",20.9566397260274,60.27,3.4,NA
"295","Papio ursinus","CERCOPITHECIDAE","PRIMATES","MediterraneanForests,WoodlandsScrub","Africa",30,70,27939.1,16425,3624.895,1339.55,1.005,0.8,"Polygynous
Polygynandrous (promiscuous)",2.674,5.662,"Carnivore",20.9566397260274,60.27,3.4,NA
"296","Papio ursinus","CERCOPITHECIDAE","PRIMATES","Mangroves","Africa",30,70,27939.1,16425,3624.895,1339.55,1.005,0.8,"Polygynous
Polygynandrous (promiscuous)",2.674,5.662,"Carnivore",20.9566397260274,60.27,3.4,NA
"297","Ursus americanus","URSIDAE","CARNIVORA","Tundra","NorthAmerica",13,87,99949.4,12410,14050,1797.62,2.465,0.4,"Polygynous",0.191,0.388,"Omnivore",69.1401459381436,4922,0.0588,NA
"298","Ursus americanus","URSIDAE","CARNIVORA","TemperateConiferForests","NorthAmerica",13,87,99949.4,12410,14050,1797.62,2.465,0.4,"Polygynous",0.191,0.388,"Omnivore",69.1401459381436,4922,0.0588,NA
"299","Ursus americanus","URSIDAE","CARNIVORA","TemperateBroadleafMixedForests","NorthAmerica",13,87,99949.4,12410,14050,1797.62,2.465,0.4,"Polygynous",0.191,0.388,"Omnivore",69.1401459381436,4922,0.0588,NA
"300","Ursus americanus","URSIDAE","CARNIVORA","Mangroves","NorthAmerica",13,87,99949.4,12410,14050,1797.62,2.465,0.4,"Polygynous",0.191,0.388,"Omnivore",69.1401459381436,4922,0.0588,NA
"301","Ursus americanus","URSIDAE","CARNIVORA","TemperateGrasslands,SavannasShrublands","NorthAmerica",13,87,99949.4,12410,14050,1797.62,2.465,0.4,"Polygynous",0.191,0.388,"Omnivore",69.1401459381436,4922,0.0588,NA
"302","Ursus americanus","URSIDAE","CARNIVORA","MediterraneanForests,WoodlandsScrub","NorthAmerica",13,87,99949.4,12410,14050,1797.62,2.465,0.4,"Polygynous",0.191,0.388,"Omnivore",69.1401459381436,4922,0.0588,NA
"303","Ursus americanus","URSIDAE","CARNIVORA","BorealForestsTaiga","NorthAmerica",13,87,99949.4,12410,14050,1797.62,2.465,0.4,"Polygynous",0.191,0.388,"Omnivore",69.1401459381436,4922,0.0588,NA
"304","Ursus americanus","URSIDAE","CARNIVORA","DesertsXericShrublands","NorthAmerica",13,87,99949.4,12410,14050,1797.62,2.465,0.4,"Polygynous",0.191,0.388,"Omnivore",69.1401459381436,4922,0.0588,NA
"305","Ursus americanus","URSIDAE","CARNIVORA","FloodedGrasslandsSavannas","NorthAmerica",13,87,99949.4,12410,14050,1797.62,2.465,0.4,"Polygynous",0.191,0.388,"Omnivore",69.1401459381436,4922,0.0588,NA
"306","Ursus americanus","URSIDAE","CARNIVORA","TropicalSubtropicalConiferousForests","NorthAmerica",13,87,99949.4,12410,14050,1797.62,2.465,0.4,"Polygynous",0.191,0.388,"Omnivore",69.1401459381436,4922,0.0588,NA
"307","Ursus americanus","URSIDAE","CARNIVORA","TropicalSubtropicalDryBroadleafForests","NorthAmerica",13,87,99949.4,12410,14050,1797.62,2.465,0.4,"Polygynous",0.191,0.388,"Omnivore",69.1401459381436,4922,0.0588,NA
"308","Ursus americanus","URSIDAE","CARNIVORA","TropicalSubtropicalMoistBroadleafForests","NorthAmerica",13,87,99949.4,12410,14050,1797.62,2.465,0.4,"Polygynous",0.191,0.388,"Omnivore",69.1401459381436,4922,0.0588,NA
"309","Ursus americanus","URSIDAE","CARNIVORA","TropicalSubtropicalGrasslands,SavannasShrublands","NorthAmerica",13,87,99949.4,12410,14050,1797.62,2.465,0.4,"Polygynous",0.191,0.388,"Omnivore",69.1401459381436,4922,0.0588,NA
"310","Diceros bicornis","RHINOCEROTIDAE","PERISSODACTYLA","TropicalSubtropicalGrasslands,SavannasShrublands","Africa",0,100,1180510.9,17973.208,426865.48,2053.12,1,0.4,"Polygynous",0.212,0.363,"Herbivore",27.767675890375,234.6,1.7,"Herbivore"
"311","Diceros bicornis","RHINOCEROTIDAE","PERISSODACTYLA","FloodedGrasslandsSavannas","Africa",0,100,1180510.9,17973.208,426865.48,2053.12,1,0.4,"Polygynous",0.212,0.363,"Herbivore",27.767675890375,234.6,1.7,"Herbivore"
"312","Diceros bicornis","RHINOCEROTIDAE","PERISSODACTYLA","Mangroves","Africa",0,100,1180510.9,17973.208,426865.48,2053.12,1,0.4,"Polygynous",0.212,0.363,"Herbivore",27.767675890375,234.6,1.7,"Herbivore"
"313","Diceros bicornis","RHINOCEROTIDAE","PERISSODACTYLA","TropicalSubtropicalMoistBroadleafForests","Africa",0,100,1180510.9,17973.208,426865.48,2053.12,1,0.4,"Polygynous",0.212,0.363,"Herbivore",27.767675890375,234.6,1.7,"Herbivore"
"314","Diceros bicornis","RHINOCEROTIDAE","PERISSODACTYLA","MontaneGrasslandsShrublands","Africa",0,100,1180510.9,17973.208,426865.48,2053.12,1,0.4,"Polygynous",0.212,0.363,"Herbivore",27.767675890375,234.6,1.7,"Herbivore"
"315","Diceros bicornis","RHINOCEROTIDAE","PERISSODACTYLA","MediterraneanForests,WoodlandsScrub","Africa",0,100,1180510.9,17973.208,426865.48,2053.12,1,0.4,"Polygynous",0.212,0.363,"Herbivore",27.767675890375,234.6,1.7,"Herbivore"
"316","Diceros bicornis","RHINOCEROTIDAE","PERISSODACTYLA","DesertsXericShrublands","Africa",0,100,1180510.9,17973.208,426865.48,2053.12,1,0.4,"Polygynous",0.212,0.363,"Herbivore",27.767675890375,234.6,1.7,"Herbivore"
"317","Diceros bicornis","RHINOCEROTIDAE","PERISSODACTYLA","TropicalSubtropicalDryBroadleafForests","Africa",0,100,1180510.9,17973.208,426865.48,2053.12,1,0.4,"Polygynous",0.212,0.363,"Herbivore",27.767675890375,234.6,1.7,"Herbivore"
"318","Felis chaus","FELIDAE","CARNIVORA","TemperateBroadleafMixedForests","Asia",100,0,7393,7300,2212.5,444.62,3,2,"Polygynandrous (promiscuous)",0.201,0.536,"Carnivore",5.875,6.5,5.2,"Carnivore"
"319","Felis chaus","FELIDAE","CARNIVORA","DesertsXericShrublands","Africa",100,0,7393,7300,2212.5,444.62,3,2,"Polygynandrous (promiscuous)",0.201,0.536,"Carnivore",5.875,6.5,5.2,"Carnivore"
"320","Felis chaus","FELIDAE","CARNIVORA","MediterraneanForests,WoodlandsScrub","Africa",100,0,7393,7300,2212.5,444.62,3,2,"Polygynandrous (promiscuous)",0.201,0.536,"Carnivore",5.875,6.5,5.2,"Carnivore"
"321","Felis chaus","FELIDAE","CARNIVORA","FloodedGrasslandsSavannas","Africa",100,0,7393,7300,2212.5,444.62,3,2,"Polygynandrous (promiscuous)",0.201,0.536,"Carnivore",5.875,6.5,5.2,"Carnivore"
"322","Felis chaus","FELIDAE","CARNIVORA","MediterraneanForests,WoodlandsScrub","Asia",100,0,7393,7300,2212.5,444.62,3,2,"Polygynandrous (promiscuous)",0.201,0.536,"Carnivore",5.875,6.5,5.2,"Carnivore"
"323","Felis chaus","FELIDAE","CARNIVORA","DesertsXericShrublands","Asia",100,0,7393,7300,2212.5,444.62,3,2,"Polygynandrous (promiscuous)",0.201,0.536,"Carnivore",5.875,6.5,5.2,"Carnivore"
"324","Felis chaus","FELIDAE","CARNIVORA","TemperateGrasslands,SavannasShrublands","Asia",100,0,7393,7300,2212.5,444.62,3,2,"Polygynandrous (promiscuous)",0.201,0.536,"Carnivore",5.875,6.5,5.2,"Carnivore"
"325","Felis chaus","FELIDAE","CARNIVORA","TropicalSubtropicalMoistBroadleafForests","Asia",100,0,7393,7300,2212.5,444.62,3,2,"Polygynandrous (promiscuous)",0.201,0.536,"Carnivore",5.875,6.5,5.2,"Carnivore"
"326","Felis chaus","FELIDAE","CARNIVORA","TropicalSubtropicalDryBroadleafForests","Asia",100,0,7393,7300,2212.5,444.62,3,2,"Polygynandrous (promiscuous)",0.201,0.536,"Carnivore",5.875,6.5,5.2,"Carnivore"
"327","Felis chaus","FELIDAE","CARNIVORA","TemperateConiferForests","Asia",100,0,7393,7300,2212.5,444.62,3,2,"Polygynandrous (promiscuous)",0.201,0.536,"Carnivore",5.875,6.5,5.2,"Carnivore"
"328","Felis chaus","FELIDAE","CARNIVORA","MontaneGrasslandsShrublands","Asia",100,0,7393,7300,2212.5,444.62,3,2,"Polygynandrous (promiscuous)",0.201,0.536,"Carnivore",5.875,6.5,5.2,"Carnivore"
"329","Felis chaus","FELIDAE","CARNIVORA","TropicalSubtropicalConiferousForests","Asia",100,0,7393,7300,2212.5,444.62,3,2,"Polygynandrous (promiscuous)",0.201,0.536,"Carnivore",5.875,6.5,5.2,"Carnivore"
"330","Felis chaus","FELIDAE","CARNIVORA","Mangroves","Asia",100,0,7393,7300,2212.5,444.62,3,2,"Polygynandrous (promiscuous)",0.201,0.536,"Carnivore",5.875,6.5,5.2,"Carnivore"
"331","Felis chaus","FELIDAE","CARNIVORA","FloodedGrasslandsSavannas","Asia",100,0,7393,7300,2212.5,444.62,3,2,"Polygynandrous (promiscuous)",0.201,0.536,"Carnivore",5.875,6.5,5.2,"Carnivore"
"332","Felis chaus","FELIDAE","CARNIVORA","TropicalSubtropicalGrasslands,SavannasShrublands","Asia",100,0,7393,7300,2212.5,444.62,3,2,"Polygynandrous (promiscuous)",0.201,0.536,"Carnivore",5.875,6.5,5.2,"Carnivore"
"333","Felis chaus","FELIDAE","CARNIVORA","DesertsXericShrublands","Europe",100,0,7393,7300,2212.5,444.62,3,2,"Polygynandrous (promiscuous)",0.201,0.536,"Carnivore",5.875,6.5,5.2,"Carnivore"
"334","Felis chaus","FELIDAE","CARNIVORA","TemperateBroadleafMixedForests","Europe",100,0,7393,7300,2212.5,444.62,3,2,"Polygynandrous (promiscuous)",0.201,0.536,"Carnivore",5.875,6.5,5.2,"Carnivore"
"335","Felis chaus","FELIDAE","CARNIVORA","TemperateGrasslands,SavannasShrublands","Europe",100,0,7393,7300,2212.5,444.62,3,2,"Polygynandrous (promiscuous)",0.201,0.536,"Carnivore",5.875,6.5,5.2,"Carnivore"
"336","Ochotona princeps","OCHOTONIDAE","LAGOMORPHA","TemperateConiferForests","NorthAmerica",0,100,157.6,2670.583,81.12,404.61,3,2.11,"Monogamous",131.646,1216.969,"Herbivore",0.00141161243175208,0.0117219,8.09356157176966e-05,"Herbivore"
"337","Ochotona princeps","OCHOTONIDAE","LAGOMORPHA","DesertsXericShrublands","NorthAmerica",0,100,157.6,2670.583,81.12,404.61,3,2.11,"Monogamous",131.646,1216.969,"Herbivore",0.00141161243175208,0.0117219,8.09356157176966e-05,"Herbivore"
"338","Ochotona princeps","OCHOTONIDAE","LAGOMORPHA","MediterraneanForests,WoodlandsScrub","NorthAmerica",0,100,157.6,2670.583,81.12,404.61,3,2.11,"Monogamous",131.646,1216.969,"Herbivore",0.00141161243175208,0.0117219,8.09356157176966e-05,"Herbivore"
"339","Ochotona princeps","OCHOTONIDAE","LAGOMORPHA","TemperateGrasslands,SavannasShrublands","NorthAmerica",0,100,157.6,2670.583,81.12,404.61,3,2.11,"Monogamous",131.646,1216.969,"Herbivore",0.00141161243175208,0.0117219,8.09356157176966e-05,"Herbivore"
"340","Ochotona princeps","OCHOTONIDAE","LAGOMORPHA","BorealForestsTaiga","NorthAmerica",0,100,157.6,2670.583,81.12,404.61,3,2.11,"Monogamous",131.646,1216.969,"Herbivore",0.00141161243175208,0.0117219,8.09356157176966e-05,"Herbivore"
"341","Acinonyx jubatus","FELIDAE","CARNIVORA","TropicalSubtropicalGrasslands,SavannasShrublands","Africa",100,0,46700,7482.5,1940,1217.27,3.04,0.7,"Polygynous
Polygynandrous (promiscuous)",0.019,0.046,"Carnivore",830.595239616613,7063.3,10.47,"Carnivore"
"342","Acinonyx jubatus","FELIDAE","CARNIVORA","MontaneGrasslandsShrublands","Africa",100,0,46700,7482.5,1940,1217.27,3.04,0.7,"Polygynous
Polygynandrous (promiscuous)",0.019,0.046,"Carnivore",830.595239616613,7063.3,10.47,"Carnivore"
"343","Acinonyx jubatus","FELIDAE","CARNIVORA","DesertsXericShrublands","Africa",100,0,46700,7482.5,1940,1217.27,3.04,0.7,"Polygynous
Polygynandrous (promiscuous)",0.019,0.046,"Carnivore",830.595239616613,7063.3,10.47,"Carnivore"
"344","Acinonyx jubatus","FELIDAE","CARNIVORA","TropicalSubtropicalMoistBroadleafForests","Africa",100,0,46700,7482.5,1940,1217.27,3.04,0.7,"Polygynous
Polygynandrous (promiscuous)",0.019,0.046,"Carnivore",830.595239616613,7063.3,10.47,"Carnivore"
"345","Acinonyx jubatus","FELIDAE","CARNIVORA","MediterraneanForests,WoodlandsScrub","Africa",100,0,46700,7482.5,1940,1217.27,3.04,0.7,"Polygynous
Polygynandrous (promiscuous)",0.019,0.046,"Carnivore",830.595239616613,7063.3,10.47,"Carnivore"
"346","Acinonyx jubatus","FELIDAE","CARNIVORA","Mangroves","Africa",100,0,46700,7482.5,1940,1217.27,3.04,0.7,"Polygynous
Polygynandrous (promiscuous)",0.019,0.046,"Carnivore",830.595239616613,7063.3,10.47,"Carnivore"
"347","Acinonyx jubatus","FELIDAE","CARNIVORA","FloodedGrasslandsSavannas","Africa",100,0,46700,7482.5,1940,1217.27,3.04,0.7,"Polygynous
Polygynandrous (promiscuous)",0.019,0.046,"Carnivore",830.595239616613,7063.3,10.47,"Carnivore"
"348","Acinonyx jubatus","FELIDAE","CARNIVORA","TropicalSubtropicalDryBroadleafForests","Africa",100,0,46700,7482.5,1940,1217.27,3.04,0.7,"Polygynous
Polygynandrous (promiscuous)",0.019,0.046,"Carnivore",830.595239616613,7063.3,10.47,"Carnivore"
"349","Acinonyx jubatus","FELIDAE","CARNIVORA","DesertsXericShrublands","Asia",100,0,46700,7482.5,1940,1217.27,3.04,0.7,"Polygynous
Polygynandrous (promiscuous)",0.019,0.046,"Carnivore",830.595239616613,7063.3,10.47,"Carnivore"
"350","Acinonyx jubatus","FELIDAE","CARNIVORA","TemperateGrasslands,SavannasShrublands","Asia",100,0,46700,7482.5,1940,1217.27,3.04,0.7,"Polygynous
Polygynandrous (promiscuous)",0.019,0.046,"Carnivore",830.595239616613,7063.3,10.47,"Carnivore"
"351","Acinonyx jubatus","FELIDAE","CARNIVORA","TemperateBroadleafMixedForests","Asia",100,0,46700,7482.5,1940,1217.27,3.04,0.7,"Polygynous
Polygynandrous (promiscuous)",0.019,0.046,"Carnivore",830.595239616613,7063.3,10.47,"Carnivore"
"352","Acinonyx jubatus","FELIDAE","CARNIVORA","TropicalSubtropicalDryBroadleafForests","Asia",100,0,46700,7482.5,1940,1217.27,3.04,0.7,"Polygynous
Polygynandrous (promiscuous)",0.019,0.046,"Carnivore",830.595239616613,7063.3,10.47,"Carnivore"
"353","Acinonyx jubatus","FELIDAE","CARNIVORA","TemperateConiferForests","Asia",100,0,46700,7482.5,1940,1217.27,3.04,0.7,"Polygynous
Polygynandrous (promiscuous)",0.019,0.046,"Carnivore",830.595239616613,7063.3,10.47,"Carnivore"
"354","Acinonyx jubatus","FELIDAE","CARNIVORA","TropicalSubtropicalMoistBroadleafForests","Asia",100,0,46700,7482.5,1940,1217.27,3.04,0.7,"Polygynous
Polygynandrous (promiscuous)",0.019,0.046,"Carnivore",830.595239616613,7063.3,10.47,"Carnivore"
"355","Acinonyx jubatus","FELIDAE","CARNIVORA","MediterraneanForests,WoodlandsScrub","Asia",100,0,46700,7482.5,1940,1217.27,3.04,0.7,"Polygynous
Polygynandrous (promiscuous)",0.019,0.046,"Carnivore",830.595239616613,7063.3,10.47,"Carnivore"
"356","Acinonyx jubatus","FELIDAE","CARNIVORA","MontaneGrasslandsShrublands","Asia",100,0,46700,7482.5,1940,1217.27,3.04,0.7,"Polygynous
Polygynandrous (promiscuous)",0.019,0.046,"Carnivore",830.595239616613,7063.3,10.47,"Carnivore"
"357","Acinonyx jubatus","FELIDAE","CARNIVORA","TropicalSubtropicalConiferousForests","Asia",100,0,46700,7482.5,1940,1217.27,3.04,0.7,"Polygynous
Polygynandrous (promiscuous)",0.019,0.046,"Carnivore",830.595239616613,7063.3,10.47,"Carnivore"
"358","Acinonyx jubatus","FELIDAE","CARNIVORA","Mangroves","Asia",100,0,46700,7482.5,1940,1217.27,3.04,0.7,"Polygynous
Polygynandrous (promiscuous)",0.019,0.046,"Carnivore",830.595239616613,7063.3,10.47,"Carnivore"
"359","Acinonyx jubatus","FELIDAE","CARNIVORA","FloodedGrasslandsSavannas","Asia",100,0,46700,7482.5,1940,1217.27,3.04,0.7,"Polygynous
Polygynandrous (promiscuous)",0.019,0.046,"Carnivore",830.595239616613,7063.3,10.47,"Carnivore"
"360","Acinonyx jubatus","FELIDAE","CARNIVORA","TropicalSubtropicalGrasslands,SavannasShrublands","Asia",100,0,46700,7482.5,1940,1217.27,3.04,0.7,"Polygynous
Polygynandrous (promiscuous)",0.019,0.046,"Carnivore",830.595239616613,7063.3,10.47,"Carnivore"
"361","Acinonyx jubatus","FELIDAE","CARNIVORA","TemperateBroadleafMixedForests","Europe",100,0,46700,7482.5,1940,1217.27,3.04,0.7,"Polygynous
Polygynandrous (promiscuous)",0.019,0.046,"Carnivore",830.595239616613,7063.3,10.47,"Carnivore"
"362","Acinonyx jubatus","FELIDAE","CARNIVORA","TemperateGrasslands,SavannasShrublands","Europe",100,0,46700,7482.5,1940,1217.27,3.04,0.7,"Polygynous
Polygynandrous (promiscuous)",0.019,0.046,"Carnivore",830.595239616613,7063.3,10.47,"Carnivore"
"363","Alces alces","CERVIDAE","ARTIODACTYLA","MontaneGrasslandsShrublands","Asia",0,100,356998,9855,92125,1046.515,1.28,1.117,"Polygynous",0.586,3.521,"Herbivore",34.851146240368,942,0.103,"Herbivore"
"364","Alces alces","CERVIDAE","ARTIODACTYLA","TemperateConiferForests","Asia",0,100,356998,9855,92125,1046.515,1.28,1.117,"Polygynous",0.586,3.521,"Herbivore",34.851146240368,942,0.103,"Herbivore"
"365","Alces alces","CERVIDAE","ARTIODACTYLA","FloodedGrasslandsSavannas","Asia",0,100,356998,9855,92125,1046.515,1.28,1.117,"Polygynous",0.586,3.521,"Herbivore",34.851146240368,942,0.103,"Herbivore"
"366","Alces alces","CERVIDAE","ARTIODACTYLA","Tundra","Asia",0,100,356998,9855,92125,1046.515,1.28,1.117,"Polygynous",0.586,3.521,"Herbivore",34.851146240368,942,0.103,"Herbivore"
"367","Alces alces","CERVIDAE","ARTIODACTYLA","TemperateBroadleafMixedForests","Asia",0,100,356998,9855,92125,1046.515,1.28,1.117,"Polygynous",0.586,3.521,"Herbivore",34.851146240368,942,0.103,"Herbivore"
"368","Alces alces","CERVIDAE","ARTIODACTYLA","TemperateGrasslands,SavannasShrublands","Asia",0,100,356998,9855,92125,1046.515,1.28,1.117,"Polygynous",0.586,3.521,"Herbivore",34.851146240368,942,0.103,"Herbivore"
"369","Alces alces","CERVIDAE","ARTIODACTYLA","BorealForestsTaiga","Asia",0,100,356998,9855,92125,1046.515,1.28,1.117,"Polygynous",0.586,3.521,"Herbivore",34.851146240368,942,0.103,"Herbivore"
"370","Alces alces","CERVIDAE","ARTIODACTYLA","DesertsXericShrublands","Asia",0,100,356998,9855,92125,1046.515,1.28,1.117,"Polygynous",0.586,3.521,"Herbivore",34.851146240368,942,0.103,"Herbivore"
"371","Alces alces","CERVIDAE","ARTIODACTYLA","Tundra","NorthAmerica",0,100,356998,9855,92125,1046.515,1.28,1.117,"Polygynous",0.586,3.521,"Herbivore",34.851146240368,942,0.103,"Herbivore"
"372","Alces alces","CERVIDAE","ARTIODACTYLA","BorealForestsTaiga","NorthAmerica",0,100,356998,9855,92125,1046.515,1.28,1.117,"Polygynous",0.586,3.521,"Herbivore",34.851146240368,942,0.103,"Herbivore"
"373","Alces alces","CERVIDAE","ARTIODACTYLA","TemperateConiferForests","NorthAmerica",0,100,356998,9855,92125,1046.515,1.28,1.117,"Polygynous",0.586,3.521,"Herbivore",34.851146240368,942,0.103,"Herbivore"
"374","Alces alces","CERVIDAE","ARTIODACTYLA","TemperateGrasslands,SavannasShrublands","NorthAmerica",0,100,356998,9855,92125,1046.515,1.28,1.117,"Polygynous",0.586,3.521,"Herbivore",34.851146240368,942,0.103,"Herbivore"
"375","Alces alces","CERVIDAE","ARTIODACTYLA","TemperateBroadleafMixedForests","NorthAmerica",0,100,356998,9855,92125,1046.515,1.28,1.117,"Polygynous",0.586,3.521,"Herbivore",34.851146240368,942,0.103,"Herbivore"
"376","Alces alces","CERVIDAE","ARTIODACTYLA","DesertsXericShrublands","NorthAmerica",0,100,356998,9855,92125,1046.515,1.28,1.117,"Polygynous",0.586,3.521,"Herbivore",34.851146240368,942,0.103,"Herbivore"
"377","Alces alces","CERVIDAE","ARTIODACTYLA","TemperateBroadleafMixedForests","Europe",0,100,356998,9855,92125,1046.515,1.28,1.117,"Polygynous",0.586,3.521,"Herbivore",34.851146240368,942,0.103,"Herbivore"
"378","Alces alces","CERVIDAE","ARTIODACTYLA","TemperateConiferForests","Europe",0,100,356998,9855,92125,1046.515,1.28,1.117,"Polygynous",0.586,3.521,"Herbivore",34.851146240368,942,0.103,"Herbivore"
"379","Alces alces","CERVIDAE","ARTIODACTYLA","TemperateGrasslands,SavannasShrublands","Europe",0,100,356998,9855,92125,1046.515,1.28,1.117,"Polygynous",0.586,3.521,"Herbivore",34.851146240368,942,0.103,"Herbivore"
"380","Alces alces","CERVIDAE","ARTIODACTYLA","Tundra","Europe",0,100,356998,9855,92125,1046.515,1.28,1.117,"Polygynous",0.586,3.521,"Herbivore",34.851146240368,942,0.103,"Herbivore"
"381","Alces alces","CERVIDAE","ARTIODACTYLA","BorealForestsTaiga","Europe",0,100,356998,9855,92125,1046.515,1.28,1.117,"Polygynous",0.586,3.521,"Herbivore",34.851146240368,942,0.103,"Herbivore"
"382","Hylobates agilis","HYLOBATIDAE","PRIMATES","Mangroves","Asia",10,90,5650,20805,1070,3065.306,1,0.475,"Monogamous",11.04,29.294,"Omnivore",0.2325,0.2475,0.2125,"Herbivore"
"383","Hylobates agilis","HYLOBATIDAE","PRIMATES","TropicalSubtropicalMoistBroadleafForests","Asia",10,90,5650,20805,1070,3065.306,1,0.475,"Monogamous",11.04,29.294,"Omnivore",0.2325,0.2475,0.2125,"Herbivore"
"384","Hylobates agilis","HYLOBATIDAE","PRIMATES","TropicalSubtropicalConiferousForests","Asia",10,90,5650,20805,1070,3065.306,1,0.475,"Monogamous",11.04,29.294,"Omnivore",0.2325,0.2475,0.2125,"Herbivore"
"385","Petaurus gracilis","PETAURIDAE","DIPROTODONTIA","TropicalSubtropicalMoistBroadleafForests","Australia",50,50,353,5405.042,65,476.6,1.595,1.28,"Monogamous",22.708,136.333,"Herbivore",0.169427777777778,0.339,0.079,NA
"386","Aepyceros melampus","BOVIDAE","ARTIODACTYLA","TropicalSubtropicalGrasslands,SavannasShrublands","Africa",0,100,52500.1,9344,15900,730,1,1,"Polygynous",1.876,2.649,"Herbivore",7.36992045454545,58.13,0.25,"Herbivore"
"387","Aepyceros melampus","BOVIDAE","ARTIODACTYLA","FloodedGrasslandsSavannas","Africa",0,100,52500.1,9344,15900,730,1,1,"Polygynous",1.876,2.649,"Herbivore",7.36992045454545,58.13,0.25,"Herbivore"
"388","Aepyceros melampus","BOVIDAE","ARTIODACTYLA","TropicalSubtropicalMoistBroadleafForests","Africa",0,100,52500.1,9344,15900,730,1,1,"Polygynous",1.876,2.649,"Herbivore",7.36992045454545,58.13,0.25,"Herbivore"
"389","Aepyceros melampus","BOVIDAE","ARTIODACTYLA","Mangroves","Africa",0,100,52500.1,9344,15900,730,1,1,"Polygynous",1.876,2.649,"Herbivore",7.36992045454545,58.13,0.25,"Herbivore"
"390","Aepyceros melampus","BOVIDAE","ARTIODACTYLA","MontaneGrasslandsShrublands","Africa",0,100,52500.1,9344,15900,730,1,1,"Polygynous",1.876,2.649,"Herbivore",7.36992045454545,58.13,0.25,"Herbivore"
"391","Aepyceros melampus","BOVIDAE","ARTIODACTYLA","DesertsXericShrublands","Africa",0,100,52500.1,9344,15900,730,1,1,"Polygynous",1.876,2.649,"Herbivore",7.36992045454545,58.13,0.25,"Herbivore"
"392","Aepyceros melampus","BOVIDAE","ARTIODACTYLA","TropicalSubtropicalDryBroadleafForests","Africa",0,100,52500.1,9344,15900,730,1,1,"Polygynous",1.876,2.649,"Herbivore",7.36992045454545,58.13,0.25,"Herbivore"
"393","Syncerus caffer","BOVIDAE","ARTIODACTYLA","TropicalSubtropicalGrasslands,SavannasShrublands","Africa",0,100,580002.7,10877,166000,1460,1.08,0.4,"Polygynandrous (promiscuous)",1.177,1.623,"Herbivore",146.288056818182,620,1.16,"Herbivore"
"394","Syncerus caffer","BOVIDAE","ARTIODACTYLA","TropicalSubtropicalMoistBroadleafForests","Africa",0,100,580002.7,10877,166000,1460,1.08,0.4,"Polygynandrous (promiscuous)",1.177,1.623,"Herbivore",146.288056818182,620,1.16,"Herbivore"
"395","Syncerus caffer","BOVIDAE","ARTIODACTYLA","MontaneGrasslandsShrublands","Africa",0,100,580002.7,10877,166000,1460,1.08,0.4,"Polygynandrous (promiscuous)",1.177,1.623,"Herbivore",146.288056818182,620,1.16,"Herbivore"
"396","Syncerus caffer","BOVIDAE","ARTIODACTYLA","FloodedGrasslandsSavannas","Africa",0,100,580002.7,10877,166000,1460,1.08,0.4,"Polygynandrous (promiscuous)",1.177,1.623,"Herbivore",146.288056818182,620,1.16,"Herbivore"
"397","Syncerus caffer","BOVIDAE","ARTIODACTYLA","Mangroves","Africa",0,100,580002.7,10877,166000,1460,1.08,0.4,"Polygynandrous (promiscuous)",1.177,1.623,"Herbivore",146.288056818182,620,1.16,"Herbivore"
"398","Syncerus caffer","BOVIDAE","ARTIODACTYLA","DesertsXericShrublands","Africa",0,100,580002.7,10877,166000,1460,1.08,0.4,"Polygynandrous (promiscuous)",1.177,1.623,"Herbivore",146.288056818182,620,1.16,"Herbivore"
"399","Syncerus caffer","BOVIDAE","ARTIODACTYLA","MediterraneanForests,WoodlandsScrub","Africa",0,100,580002.7,10877,166000,1460,1.08,0.4,"Polygynandrous (promiscuous)",1.177,1.623,"Herbivore",146.288056818182,620,1.16,"Herbivore"
"400","Syncerus caffer","BOVIDAE","ARTIODACTYLA","TropicalSubtropicalDryBroadleafForests","Africa",0,100,580002.7,10877,166000,1460,1.08,0.4,"Polygynandrous (promiscuous)",1.177,1.623,"Herbivore",146.288056818182,620,1.16,"Herbivore"
"401","Cavia aperea","CAVIIDAE","RODENTIA","TropicalSubtropicalMoistBroadleafForests","SouthAmerica",0,100,549,3650,171.05,129.81,2.48,5,"Polygynous",322.376,1003.042,"Herbivore",0.0007145,0.00088,0.000549,"Herbivore"
"402","Cavia aperea","CAVIIDAE","RODENTIA","Mangroves","SouthAmerica",0,100,549,3650,171.05,129.81,2.48,5,"Polygynous",322.376,1003.042,"Herbivore",0.0007145,0.00088,0.000549,"Herbivore"
"403","Cavia aperea","CAVIIDAE","RODENTIA","TropicalSubtropicalDryBroadleafForests","SouthAmerica",0,100,549,3650,171.05,129.81,2.48,5,"Polygynous",322.376,1003.042,"Herbivore",0.0007145,0.00088,0.000549,"Herbivore"
"404","Cavia aperea","CAVIIDAE","RODENTIA","DesertsXericShrublands","SouthAmerica",0,100,549,3650,171.05,129.81,2.48,5,"Polygynous",322.376,1003.042,"Herbivore",0.0007145,0.00088,0.000549,"Herbivore"
"405","Cavia aperea","CAVIIDAE","RODENTIA","TropicalSubtropicalGrasslands,SavannasShrublands","SouthAmerica",0,100,549,3650,171.05,129.81,2.48,5,"Polygynous",322.376,1003.042,"Herbivore",0.0007145,0.00088,0.000549,"Herbivore"
"406","Cavia aperea","CAVIIDAE","RODENTIA","MontaneGrasslandsShrublands","SouthAmerica",0,100,549,3650,171.05,129.81,2.48,5,"Polygynous",322.376,1003.042,"Herbivore",0.0007145,0.00088,0.000549,"Herbivore"
"407","Cavia aperea","CAVIIDAE","RODENTIA","TemperateGrasslands,SavannasShrublands","SouthAmerica",0,100,549,3650,171.05,129.81,2.48,5,"Polygynous",322.376,1003.042,"Herbivore",0.0007145,0.00088,0.000549,"Herbivore"
"408","Cavia aperea","CAVIIDAE","RODENTIA","FloodedGrasslandsSavannas","SouthAmerica",0,100,549,3650,171.05,129.81,2.48,5,"Polygynous",322.376,1003.042,"Herbivore",0.0007145,0.00088,0.000549,"Herbivore"
"409","Lepus californicus","LEPORIDAE","LAGOMORPHA","TemperateConiferForests","NorthAmerica",0,100,2422.5,4310.042,1300,305.955,2.68,3.73,"Polygynandrous (promiscuous)",16.877,35.283,"Herbivore",0.711185714285714,2.88,0.0475,"Herbivore"
"410","Lepus californicus","LEPORIDAE","LAGOMORPHA","DesertsXericShrublands","NorthAmerica",0,100,2422.5,4310.042,1300,305.955,2.68,3.73,"Polygynandrous (promiscuous)",16.877,35.283,"Herbivore",0.711185714285714,2.88,0.0475,"Herbivore"
"411","Lepus californicus","LEPORIDAE","LAGOMORPHA","TropicalSubtropicalDryBroadleafForests","NorthAmerica",0,100,2422.5,4310.042,1300,305.955,2.68,3.73,"Polygynandrous (promiscuous)",16.877,35.283,"Herbivore",0.711185714285714,2.88,0.0475,"Herbivore"
"412","Lepus californicus","LEPORIDAE","LAGOMORPHA","TemperateGrasslands,SavannasShrublands","NorthAmerica",0,100,2422.5,4310.042,1300,305.955,2.68,3.73,"Polygynandrous (promiscuous)",16.877,35.283,"Herbivore",0.711185714285714,2.88,0.0475,"Herbivore"
"413","Lepus californicus","LEPORIDAE","LAGOMORPHA","MediterraneanForests,WoodlandsScrub","NorthAmerica",0,100,2422.5,4310.042,1300,305.955,2.68,3.73,"Polygynandrous (promiscuous)",16.877,35.283,"Herbivore",0.711185714285714,2.88,0.0475,"Herbivore"
"414","Lepus californicus","LEPORIDAE","LAGOMORPHA","TemperateBroadleafMixedForests","NorthAmerica",0,100,2422.5,4310.042,1300,305.955,2.68,3.73,"Polygynandrous (promiscuous)",16.877,35.283,"Herbivore",0.711185714285714,2.88,0.0475,"Herbivore"
"415","Lepus californicus","LEPORIDAE","LAGOMORPHA","Mangroves","NorthAmerica",0,100,2422.5,4310.042,1300,305.955,2.68,3.73,"Polygynandrous (promiscuous)",16.877,35.283,"Herbivore",0.711185714285714,2.88,0.0475,"Herbivore"
"416","Lepus californicus","LEPORIDAE","LAGOMORPHA","TropicalSubtropicalConiferousForests","NorthAmerica",0,100,2422.5,4310.042,1300,305.955,2.68,3.73,"Polygynandrous (promiscuous)",16.877,35.283,"Herbivore",0.711185714285714,2.88,0.0475,"Herbivore"
"417","Lepus californicus","LEPORIDAE","LAGOMORPHA","TropicalSubtropicalMoistBroadleafForests","NorthAmerica",0,100,2422.5,4310.042,1300,305.955,2.68,3.73,"Polygynandrous (promiscuous)",16.877,35.283,"Herbivore",0.711185714285714,2.88,0.0475,"Herbivore"
"418","Lepus californicus","LEPORIDAE","LAGOMORPHA","TropicalSubtropicalGrasslands,SavannasShrublands","NorthAmerica",0,100,2422.5,4310.042,1300,305.955,2.68,3.73,"Polygynandrous (promiscuous)",16.877,35.283,"Herbivore",0.711185714285714,2.88,0.0475,"Herbivore"
"419","Loxodonta africana","ELEPHANTIDAE","PROBOSCIDEA","TropicalSubtropicalMoistBroadleafForests","Africa",0,100,4400000,29200,6e+05,3467.5,1,0.21,"Polygynous",0.375,0.503,"Herbivore",1460.50542610572,32062,0.8,"Herbivore"
"420","Loxodonta africana","ELEPHANTIDAE","PROBOSCIDEA","TropicalSubtropicalGrasslands,SavannasShrublands","Africa",0,100,4400000,29200,6e+05,3467.5,1,0.21,"Polygynous",0.375,0.503,"Herbivore",1460.50542610572,32062,0.8,"Herbivore"
"421","Loxodonta africana","ELEPHANTIDAE","PROBOSCIDEA","Mangroves","Africa",0,100,4400000,29200,6e+05,3467.5,1,0.21,"Polygynous",0.375,0.503,"Herbivore",1460.50542610572,32062,0.8,"Herbivore"
"422","Loxodonta africana","ELEPHANTIDAE","PROBOSCIDEA","MontaneGrasslandsShrublands","Africa",0,100,4400000,29200,6e+05,3467.5,1,0.21,"Polygynous",0.375,0.503,"Herbivore",1460.50542610572,32062,0.8,"Herbivore"
"423","Loxodonta africana","ELEPHANTIDAE","PROBOSCIDEA","FloodedGrasslandsSavannas","Africa",0,100,4400000,29200,6e+05,3467.5,1,0.21,"Polygynous",0.375,0.503,"Herbivore",1460.50542610572,32062,0.8,"Herbivore"
"424","Loxodonta africana","ELEPHANTIDAE","PROBOSCIDEA","DesertsXericShrublands","Africa",0,100,4400000,29200,6e+05,3467.5,1,0.21,"Polygynous",0.375,0.503,"Herbivore",1460.50542610572,32062,0.8,"Herbivore"
"425","Loxodonta africana","ELEPHANTIDAE","PROBOSCIDEA","TropicalSubtropicalDryBroadleafForests","Africa",0,100,4400000,29200,6e+05,3467.5,1,0.21,"Polygynous",0.375,0.503,"Herbivore",1460.50542610572,32062,0.8,"Herbivore"
"426","Loxodonta africana","ELEPHANTIDAE","PROBOSCIDEA","MediterraneanForests,WoodlandsScrub","Africa",0,100,4400000,29200,6e+05,3467.5,1,0.21,"Polygynous",0.375,0.503,"Herbivore",1460.50542610572,32062,0.8,"Herbivore"
"427","Sigmodon hispidus","CRICETIDAE","RODENTIA","TropicalSubtropicalConiferousForests","NorthAmerica",50,50,92.4,1898,19.8,65,5.44,2,"Polygynous",332.842,879.384,"Omnivore",0.00542495885210815,0.106,0.00016187123143539,NA
"428","Sigmodon hispidus","CRICETIDAE","RODENTIA","DesertsXericShrublands","NorthAmerica",50,50,92.4,1898,19.8,65,5.44,2,"Polygynous",332.842,879.384,"Omnivore",0.00542495885210815,0.106,0.00016187123143539,NA
"429","Sigmodon hispidus","CRICETIDAE","RODENTIA","TropicalSubtropicalMoistBroadleafForests","NorthAmerica",50,50,92.4,1898,19.8,65,5.44,2,"Polygynous",332.842,879.384,"Omnivore",0.00542495885210815,0.106,0.00016187123143539,NA
"430","Sigmodon hispidus","CRICETIDAE","RODENTIA","TropicalSubtropicalGrasslands,SavannasShrublands","NorthAmerica",50,50,92.4,1898,19.8,65,5.44,2,"Polygynous",332.842,879.384,"Omnivore",0.00542495885210815,0.106,0.00016187123143539,NA
"431","Sigmodon hispidus","CRICETIDAE","RODENTIA","TemperateBroadleafMixedForests","NorthAmerica",50,50,92.4,1898,19.8,65,5.44,2,"Polygynous",332.842,879.384,"Omnivore",0.00542495885210815,0.106,0.00016187123143539,NA
"432","Sigmodon hispidus","CRICETIDAE","RODENTIA","TemperateConiferForests","NorthAmerica",50,50,92.4,1898,19.8,65,5.44,2,"Polygynous",332.842,879.384,"Omnivore",0.00542495885210815,0.106,0.00016187123143539,NA
"433","Sigmodon hispidus","CRICETIDAE","RODENTIA","Mangroves","NorthAmerica",50,50,92.4,1898,19.8,65,5.44,2,"Polygynous",332.842,879.384,"Omnivore",0.00542495885210815,0.106,0.00016187123143539,NA
"434","Sigmodon hispidus","CRICETIDAE","RODENTIA","TemperateGrasslands,SavannasShrublands","NorthAmerica",50,50,92.4,1898,19.8,65,5.44,2,"Polygynous",332.842,879.384,"Omnivore",0.00542495885210815,0.106,0.00016187123143539,NA
"435","Sigmodon hispidus","CRICETIDAE","RODENTIA","FloodedGrasslandsSavannas","NorthAmerica",50,50,92.4,1898,19.8,65,5.44,2,"Polygynous",332.842,879.384,"Omnivore",0.00542495885210815,0.106,0.00016187123143539,NA
"436","Pan paniscus","HOMINIDAE","PRIMATES","TropicalSubtropicalMoistBroadleafForests","Africa",3,97,34000.1,20075,8325,3522.408,1,0.22,"Polygynandrous (promiscuous)",3.815,9.031,"Herbivore",26.9619047619048,51.7,12.3,"Herbivore"
"437","Pan paniscus","HOMINIDAE","PRIMATES","TropicalSubtropicalGrasslands,SavannasShrublands","Africa",3,97,34000.1,20075,8325,3522.408,1,0.22,"Polygynandrous (promiscuous)",3.815,9.031,"Herbivore",26.9619047619048,51.7,12.3,"Herbivore"
"438","Leontopithecus caissara","CALLITRICHIDAE","PRIMATES","TropicalSubtropicalMoistBroadleafForests","SouthAmerica",50,50,572,11534,165,786.499,1.95,1.75,"Monogamous",16.422,50.902,"Omnivore",4.78,10.25,2.77,NA
"439","Leontopithecus caissara","CALLITRICHIDAE","PRIMATES","Mangroves","SouthAmerica",50,50,572,11534,165,786.499,1.95,1.75,"Monogamous",16.422,50.902,"Omnivore",4.78,10.25,2.77,NA
"440","Glis glis","GLIRIDAE","RODENTIA","MediterraneanForests,WoodlandsScrub","Asia",0,100,125,3285,27.72,319.37,4.73,1.19,"Polygynous",119.507,318.871,"Omnivore",0.0132306571428571,0.0696,5e-04,"Herbivore"
"441","Glis glis","GLIRIDAE","RODENTIA","DesertsXericShrublands","Asia",0,100,125,3285,27.72,319.37,4.73,1.19,"Polygynous",119.507,318.871,"Omnivore",0.0132306571428571,0.0696,5e-04,"Herbivore"
"442","Glis glis","GLIRIDAE","RODENTIA","TemperateBroadleafMixedForests","Asia",0,100,125,3285,27.72,319.37,4.73,1.19,"Polygynous",119.507,318.871,"Omnivore",0.0132306571428571,0.0696,5e-04,"Herbivore"
"443","Glis glis","GLIRIDAE","RODENTIA","TemperateGrasslands,SavannasShrublands","Asia",0,100,125,3285,27.72,319.37,4.73,1.19,"Polygynous",119.507,318.871,"Omnivore",0.0132306571428571,0.0696,5e-04,"Herbivore"
"444","Glis glis","GLIRIDAE","RODENTIA","TemperateConiferForests","Asia",0,100,125,3285,27.72,319.37,4.73,1.19,"Polygynous",119.507,318.871,"Omnivore",0.0132306571428571,0.0696,5e-04,"Herbivore"
"445","Glis glis","GLIRIDAE","RODENTIA","MontaneGrasslandsShrublands","Asia",0,100,125,3285,27.72,319.37,4.73,1.19,"Polygynous",119.507,318.871,"Omnivore",0.0132306571428571,0.0696,5e-04,"Herbivore"
"446","Glis glis","GLIRIDAE","RODENTIA","MediterraneanForests,WoodlandsScrub","Europe",0,100,125,3285,27.72,319.37,4.73,1.19,"Polygynous",119.507,318.871,"Omnivore",0.0132306571428571,0.0696,5e-04,"Herbivore"
"447","Glis glis","GLIRIDAE","RODENTIA","TemperateConiferForests","Europe",0,100,125,3285,27.72,319.37,4.73,1.19,"Polygynous",119.507,318.871,"Omnivore",0.0132306571428571,0.0696,5e-04,"Herbivore"
"448","Glis glis","GLIRIDAE","RODENTIA","TemperateBroadleafMixedForests","Europe",0,100,125,3285,27.72,319.37,4.73,1.19,"Polygynous",119.507,318.871,"Omnivore",0.0132306571428571,0.0696,5e-04,"Herbivore"
"449","Glis glis","GLIRIDAE","RODENTIA","TemperateGrasslands,SavannasShrublands","Europe",0,100,125,3285,27.72,319.37,4.73,1.19,"Polygynous",119.507,318.871,"Omnivore",0.0132306571428571,0.0696,5e-04,"Herbivore"
"450","Glis glis","GLIRIDAE","RODENTIA","BorealForestsTaiga","Europe",0,100,125,3285,27.72,319.37,4.73,1.19,"Polygynous",119.507,318.871,"Omnivore",0.0132306571428571,0.0696,5e-04,"Herbivore"
"451","Saimiri sciureus","CEBIDAE","PRIMATES","Mangroves","SouthAmerica",40,60,743.2,11023,410.5,1073.25,1,1.07,"Polygynandrous (promiscuous)",24.746,38.158,"Omnivore",0.854666666666667,1.23,0.234,NA
"452","Saimiri sciureus","CEBIDAE","PRIMATES","TropicalSubtropicalMoistBroadleafForests","SouthAmerica",40,60,743.2,11023,410.5,1073.25,1,1.07,"Polygynandrous (promiscuous)",24.746,38.158,"Omnivore",0.854666666666667,1.23,0.234,NA
"453","Saimiri sciureus","CEBIDAE","PRIMATES","TropicalSubtropicalGrasslands,SavannasShrublands","SouthAmerica",40,60,743.2,11023,410.5,1073.25,1,1.07,"Polygynandrous (promiscuous)",24.746,38.158,"Omnivore",0.854666666666667,1.23,0.234,NA
"454","Erinaceus europaeus","ERINACEIDAE","EULIPOTYPHLA","TemperateConiferForests","Europe",100,0,771,5110,235,349.79,4.22,1.58,"Polygynandrous (promiscuous)",51.742,112.402,"Carnivore",0.167258441558442,1.025,0.003,"Carnivore"
"455","Erinaceus europaeus","ERINACEIDAE","EULIPOTYPHLA","TemperateBroadleafMixedForests","Europe",100,0,771,5110,235,349.79,4.22,1.58,"Polygynandrous (promiscuous)",51.742,112.402,"Carnivore",0.167258441558442,1.025,0.003,"Carnivore"
"456","Erinaceus europaeus","ERINACEIDAE","EULIPOTYPHLA","MediterraneanForests,WoodlandsScrub","Europe",100,0,771,5110,235,349.79,4.22,1.58,"Polygynandrous (promiscuous)",51.742,112.402,"Carnivore",0.167258441558442,1.025,0.003,"Carnivore"
"457","Erinaceus europaeus","ERINACEIDAE","EULIPOTYPHLA","BorealForestsTaiga","Europe",100,0,771,5110,235,349.79,4.22,1.58,"Polygynandrous (promiscuous)",51.742,112.402,"Carnivore",0.167258441558442,1.025,0.003,"Carnivore"
"458","Erinaceus europaeus","ERINACEIDAE","EULIPOTYPHLA","Tundra","Europe",100,0,771,5110,235,349.79,4.22,1.58,"Polygynandrous (promiscuous)",51.742,112.402,"Carnivore",0.167258441558442,1.025,0.003,"Carnivore"
"459","Tamias striatus","SCIURIDAE","RODENTIA","TemperateBroadleafMixedForests","NorthAmerica",20,80,111.9,3467.5,45.025,218,4.22,1.53,"Polygynous",120.485,323.182,"Omnivore",0.00141737209302326,0.003951,0.000148,NA
"460","Tamias striatus","SCIURIDAE","RODENTIA","TemperateConiferForests","NorthAmerica",20,80,111.9,3467.5,45.025,218,4.22,1.53,"Polygynous",120.485,323.182,"Omnivore",0.00141737209302326,0.003951,0.000148,NA
"461","Tamias striatus","SCIURIDAE","RODENTIA","TemperateGrasslands,SavannasShrublands","NorthAmerica",20,80,111.9,3467.5,45.025,218,4.22,1.53,"Polygynous",120.485,323.182,"Omnivore",0.00141737209302326,0.003951,0.000148,NA
"462","Tamias striatus","SCIURIDAE","RODENTIA","BorealForestsTaiga","NorthAmerica",20,80,111.9,3467.5,45.025,218,4.22,1.53,"Polygynous",120.485,323.182,"Omnivore",0.00141737209302326,0.003951,0.000148,NA
"463","Tamias striatus","SCIURIDAE","RODENTIA","TropicalSubtropicalGrasslands,SavannasShrublands","NorthAmerica",20,80,111.9,3467.5,45.025,218,4.22,1.53,"Polygynous",120.485,323.182,"Omnivore",0.00141737209302326,0.003951,0.000148,NA
"464","Peromyscus maniculatus","CRICETIDAE","RODENTIA","Tundra","NorthAmerica",60,40,21.3,3041.667,8.95,86.72,4.615,3.55,"Polygynous
Polygynandrous (promiscuous)",217.937,404.201,"Herbivore",0.00099636629029306,0.0118,8e-05,NA
"465","Peromyscus maniculatus","CRICETIDAE","RODENTIA","TemperateConiferForests","NorthAmerica",60,40,21.3,3041.667,8.95,86.72,4.615,3.55,"Polygynous
Polygynandrous (promiscuous)",217.937,404.201,"Herbivore",0.00099636629029306,0.0118,8e-05,NA
"466","Peromyscus maniculatus","CRICETIDAE","RODENTIA","TemperateBroadleafMixedForests","NorthAmerica",60,40,21.3,3041.667,8.95,86.72,4.615,3.55,"Polygynous
Polygynandrous (promiscuous)",217.937,404.201,"Herbivore",0.00099636629029306,0.0118,8e-05,NA
"467","Peromyscus maniculatus","CRICETIDAE","RODENTIA","DesertsXericShrublands","NorthAmerica",60,40,21.3,3041.667,8.95,86.72,4.615,3.55,"Polygynous
Polygynandrous (promiscuous)",217.937,404.201,"Herbivore",0.00099636629029306,0.0118,8e-05,NA
"468","Peromyscus maniculatus","CRICETIDAE","RODENTIA","TropicalSubtropicalDryBroadleafForests","NorthAmerica",60,40,21.3,3041.667,8.95,86.72,4.615,3.55,"Polygynous
Polygynandrous (promiscuous)",217.937,404.201,"Herbivore",0.00099636629029306,0.0118,8e-05,NA
"469","Peromyscus maniculatus","CRICETIDAE","RODENTIA","TemperateGrasslands,SavannasShrublands","NorthAmerica",60,40,21.3,3041.667,8.95,86.72,4.615,3.55,"Polygynous
Polygynandrous (promiscuous)",217.937,404.201,"Herbivore",0.00099636629029306,0.0118,8e-05,NA
"470","Peromyscus maniculatus","CRICETIDAE","RODENTIA","MediterraneanForests,WoodlandsScrub","NorthAmerica",60,40,21.3,3041.667,8.95,86.72,4.615,3.55,"Polygynous
Polygynandrous (promiscuous)",217.937,404.201,"Herbivore",0.00099636629029306,0.0118,8e-05,NA
"471","Peromyscus maniculatus","CRICETIDAE","RODENTIA","BorealForestsTaiga","NorthAmerica",60,40,21.3,3041.667,8.95,86.72,4.615,3.55,"Polygynous
Polygynandrous (promiscuous)",217.937,404.201,"Herbivore",0.00099636629029306,0.0118,8e-05,NA
"472","Peromyscus maniculatus","CRICETIDAE","RODENTIA","Mangroves","NorthAmerica",60,40,21.3,3041.667,8.95,86.72,4.615,3.55,"Polygynous
Polygynandrous (promiscuous)",217.937,404.201,"Herbivore",0.00099636629029306,0.0118,8e-05,NA
"473","Peromyscus maniculatus","CRICETIDAE","RODENTIA","TropicalSubtropicalMoistBroadleafForests","NorthAmerica",60,40,21.3,3041.667,8.95,86.72,4.615,3.55,"Polygynous
Polygynandrous (promiscuous)",217.937,404.201,"Herbivore",0.00099636629029306,0.0118,8e-05,NA
"474","Peromyscus maniculatus","CRICETIDAE","RODENTIA","TropicalSubtropicalConiferousForests","NorthAmerica",60,40,21.3,3041.667,8.95,86.72,4.615,3.55,"Polygynous
Polygynandrous (promiscuous)",217.937,404.201,"Herbivore",0.00099636629029306,0.0118,8e-05,NA
"475","Peromyscus maniculatus","CRICETIDAE","RODENTIA","TropicalSubtropicalGrasslands,SavannasShrublands","NorthAmerica",60,40,21.3,3041.667,8.95,86.72,4.615,3.55,"Polygynous
Polygynandrous (promiscuous)",217.937,404.201,"Herbivore",0.00099636629029306,0.0118,8e-05,NA
"476","Dasyurus hallucatus","DASYURIDAE","DASYUROMORPHIA","TropicalSubtropicalGrasslands,SavannasShrublands","Australia",90,10,525,2156.542,100,374.16,6.595,1,"Polygynandrous (promiscuous)",8.608,51.681,"Carnivore",0.74814,16.8069,0.004,"Carnivore"
"477","Dasyurus hallucatus","DASYURIDAE","DASYUROMORPHIA","DesertsXericShrublands","Australia",90,10,525,2156.542,100,374.16,6.595,1,"Polygynandrous (promiscuous)",8.608,51.681,"Carnivore",0.74814,16.8069,0.004,"Carnivore"
"478","Dasyurus hallucatus","DASYURIDAE","DASYUROMORPHIA","TemperateBroadleafMixedForests","Australia",90,10,525,2156.542,100,374.16,6.595,1,"Polygynandrous (promiscuous)",8.608,51.681,"Carnivore",0.74814,16.8069,0.004,"Carnivore"
"479","Dasyurus hallucatus","DASYURIDAE","DASYUROMORPHIA","TropicalSubtropicalMoistBroadleafForests","Australia",90,10,525,2156.542,100,374.16,6.595,1,"Polygynandrous (promiscuous)",8.608,51.681,"Carnivore",0.74814,16.8069,0.004,"Carnivore"
"480","Panthera onca","FELIDAE","CARNIVORA","TropicalSubtropicalDryBroadleafForests","SouthAmerica",100,0,1e+05,10353.833,5033.5,1284.905,2,0.5,"Polygynandrous (promiscuous)",0.038,0.056,"Carnivore",232.542666666667,2914.9,2.5,"Carnivore"
"481","Panthera onca","FELIDAE","CARNIVORA","TropicalSubtropicalMoistBroadleafForests","SouthAmerica",100,0,1e+05,10353.833,5033.5,1284.905,2,0.5,"Polygynandrous (promiscuous)",0.038,0.056,"Carnivore",232.542666666667,2914.9,2.5,"Carnivore"
"482","Panthera onca","FELIDAE","CARNIVORA","TropicalSubtropicalGrasslands,SavannasShrublands","SouthAmerica",100,0,1e+05,10353.833,5033.5,1284.905,2,0.5,"Polygynandrous (promiscuous)",0.038,0.056,"Carnivore",232.542666666667,2914.9,2.5,"Carnivore"
"483","Panthera onca","FELIDAE","CARNIVORA","TropicalSubtropicalDryBroadleafForests","NorthAmerica",100,0,1e+05,10353.833,5033.5,1284.905,2,0.5,"Polygynandrous (promiscuous)",0.038,0.056,"Carnivore",232.542666666667,2914.9,2.5,"Carnivore"
"484","Panthera onca","FELIDAE","CARNIVORA","TropicalSubtropicalConiferousForests","NorthAmerica",100,0,1e+05,10353.833,5033.5,1284.905,2,0.5,"Polygynandrous (promiscuous)",0.038,0.056,"Carnivore",232.542666666667,2914.9,2.5,"Carnivore"
"485","Panthera onca","FELIDAE","CARNIVORA","TropicalSubtropicalMoistBroadleafForests","NorthAmerica",100,0,1e+05,10353.833,5033.5,1284.905,2,0.5,"Polygynandrous (promiscuous)",0.038,0.056,"Carnivore",232.542666666667,2914.9,2.5,"Carnivore"
"486","Panthera onca","FELIDAE","CARNIVORA","Mangroves","NorthAmerica",100,0,1e+05,10353.833,5033.5,1284.905,2,0.5,"Polygynandrous (promiscuous)",0.038,0.056,"Carnivore",232.542666666667,2914.9,2.5,"Carnivore"
"487","Panthera onca","FELIDAE","CARNIVORA","DesertsXericShrublands","NorthAmerica",100,0,1e+05,10353.833,5033.5,1284.905,2,0.5,"Polygynandrous (promiscuous)",0.038,0.056,"Carnivore",232.542666666667,2914.9,2.5,"Carnivore"
"488","Panthera onca","FELIDAE","CARNIVORA","MontaneGrasslandsShrublands","SouthAmerica",100,0,1e+05,10353.833,5033.5,1284.905,2,0.5,"Polygynandrous (promiscuous)",0.038,0.056,"Carnivore",232.542666666667,2914.9,2.5,"Carnivore"
"489","Panthera onca","FELIDAE","CARNIVORA","FloodedGrasslandsSavannas","SouthAmerica",100,0,1e+05,10353.833,5033.5,1284.905,2,0.5,"Polygynandrous (promiscuous)",0.038,0.056,"Carnivore",232.542666666667,2914.9,2.5,"Carnivore"
"490","Panthera onca","FELIDAE","CARNIVORA","Mangroves","SouthAmerica",100,0,1e+05,10353.833,5033.5,1284.905,2,0.5,"Polygynandrous (promiscuous)",0.038,0.056,"Carnivore",232.542666666667,2914.9,2.5,"Carnivore"
"491","Panthera onca","FELIDAE","CARNIVORA","DesertsXericShrublands","SouthAmerica",100,0,1e+05,10353.833,5033.5,1284.905,2,0.5,"Polygynandrous (promiscuous)",0.038,0.056,"Carnivore",232.542666666667,2914.9,2.5,"Carnivore"
"492","Panthera onca","FELIDAE","CARNIVORA","TropicalSubtropicalGrasslands,SavannasShrublands","NorthAmerica",100,0,1e+05,10353.833,5033.5,1284.905,2,0.5,"Polygynandrous (promiscuous)",0.038,0.056,"Carnivore",232.542666666667,2914.9,2.5,"Carnivore"
"493","Pongo pygmaeus","HOMINIDAE","PRIMATES","Mangroves","Asia",20,80,57150,21900,11000,3591.6,1.14,0.22,"Polygynous",1.571,2.269,"Omnivore",8.08059802000555,45.41,0.6421,NA
"494","Pongo pygmaeus","HOMINIDAE","PRIMATES","TropicalSubtropicalMoistBroadleafForests","Asia",20,80,57150,21900,11000,3591.6,1.14,0.22,"Polygynous",1.571,2.269,"Omnivore",8.08059802000555,45.41,0.6421,NA
"495","Pongo pygmaeus","HOMINIDAE","PRIMATES","MontaneGrasslandsShrublands","Asia",20,80,57150,21900,11000,3591.6,1.14,0.22,"Polygynous",1.571,2.269,"Omnivore",8.08059802000555,45.41,0.6421,NA
"496","Lynx lynx","FELIDAE","CARNIVORA","MediterraneanForests,WoodlandsScrub","Asia",100,0,17950,9782,1860,806.015,2.25,1,"Polygynous",0.01,0.021,"Carnivore",501.260424013276,4805,2.55,"Carnivore"
"497","Lynx lynx","FELIDAE","CARNIVORA","TemperateGrasslands,SavannasShrublands","Asia",100,0,17950,9782,1860,806.015,2.25,1,"Polygynous",0.01,0.021,"Carnivore",501.260424013276,4805,2.55,"Carnivore"
"498","Lynx lynx","FELIDAE","CARNIVORA","DesertsXericShrublands","Asia",100,0,17950,9782,1860,806.015,2.25,1,"Polygynous",0.01,0.021,"Carnivore",501.260424013276,4805,2.55,"Carnivore"
"499","Lynx lynx","FELIDAE","CARNIVORA","MontaneGrasslandsShrublands","Asia",100,0,17950,9782,1860,806.015,2.25,1,"Polygynous",0.01,0.021,"Carnivore",501.260424013276,4805,2.55,"Carnivore"
"500","Lynx lynx","FELIDAE","CARNIVORA","TemperateConiferForests","Asia",100,0,17950,9782,1860,806.015,2.25,1,"Polygynous",0.01,0.021,"Carnivore",501.260424013276,4805,2.55,"Carnivore"
"501","Lynx lynx","FELIDAE","CARNIVORA","FloodedGrasslandsSavannas","Asia",100,0,17950,9782,1860,806.015,2.25,1,"Polygynous",0.01,0.021,"Carnivore",501.260424013276,4805,2.55,"Carnivore"
"502","Lynx lynx","FELIDAE","CARNIVORA","Tundra","Asia",100,0,17950,9782,1860,806.015,2.25,1,"Polygynous",0.01,0.021,"Carnivore",501.260424013276,4805,2.55,"Carnivore"
"503","Lynx lynx","FELIDAE","CARNIVORA","TemperateBroadleafMixedForests","Asia",100,0,17950,9782,1860,806.015,2.25,1,"Polygynous",0.01,0.021,"Carnivore",501.260424013276,4805,2.55,"Carnivore"
"504","Lynx lynx","FELIDAE","CARNIVORA","BorealForestsTaiga","Asia",100,0,17950,9782,1860,806.015,2.25,1,"Polygynous",0.01,0.021,"Carnivore",501.260424013276,4805,2.55,"Carnivore"
"505","Lynx lynx","FELIDAE","CARNIVORA","TropicalSubtropicalMoistBroadleafForests","Asia",100,0,17950,9782,1860,806.015,2.25,1,"Polygynous",0.01,0.021,"Carnivore",501.260424013276,4805,2.55,"Carnivore"
"506","Lynx lynx","FELIDAE","CARNIVORA","TropicalSubtropicalConiferousForests","Asia",100,0,17950,9782,1860,806.015,2.25,1,"Polygynous",0.01,0.021,"Carnivore",501.260424013276,4805,2.55,"Carnivore"
"507","Lynx lynx","FELIDAE","CARNIVORA","TemperateConiferForests","Europe",100,0,17950,9782,1860,806.015,2.25,1,"Polygynous",0.01,0.021,"Carnivore",501.260424013276,4805,2.55,"Carnivore"
"508","Lynx lynx","FELIDAE","CARNIVORA","TemperateBroadleafMixedForests","Europe",100,0,17950,9782,1860,806.015,2.25,1,"Polygynous",0.01,0.021,"Carnivore",501.260424013276,4805,2.55,"Carnivore"
"509","Lynx lynx","FELIDAE","CARNIVORA","MediterraneanForests,WoodlandsScrub","Europe",100,0,17950,9782,1860,806.015,2.25,1,"Polygynous",0.01,0.021,"Carnivore",501.260424013276,4805,2.55,"Carnivore"
"510","Lynx lynx","FELIDAE","CARNIVORA","TemperateGrasslands,SavannasShrublands","Europe",100,0,17950,9782,1860,806.015,2.25,1,"Polygynous",0.01,0.021,"Carnivore",501.260424013276,4805,2.55,"Carnivore"
"511","Lynx lynx","FELIDAE","CARNIVORA","Tundra","Europe",100,0,17950,9782,1860,806.015,2.25,1,"Polygynous",0.01,0.021,"Carnivore",501.260424013276,4805,2.55,"Carnivore"
"512","Lynx lynx","FELIDAE","CARNIVORA","BorealForestsTaiga","Europe",100,0,17950,9782,1860,806.015,2.25,1,"Polygynous",0.01,0.021,"Carnivore",501.260424013276,4805,2.55,"Carnivore"
"513","Dama dama","CERVIDAE","ARTIODACTYLA","TemperateBroadleafMixedForests","Asia",0,100,56250,9125,22570,1095,1.07,1,"Polygynous",20.063,41.688,"Herbivore",1.59888487972509,9.17,0.08,"Herbivore"
"514","Dama dama","CERVIDAE","ARTIODACTYLA","MediterraneanForests,WoodlandsScrub","Asia",0,100,56250,9125,22570,1095,1.07,1,"Polygynous",20.063,41.688,"Herbivore",1.59888487972509,9.17,0.08,"Herbivore"
"515","Dama dama","CERVIDAE","ARTIODACTYLA","MediterraneanForests,WoodlandsScrub","Europe",0,100,56250,9125,22570,1095,1.07,1,"Polygynous",20.063,41.688,"Herbivore",1.59888487972509,9.17,0.08,"Herbivore"
"516","Dama dama","CERVIDAE","ARTIODACTYLA","TemperateBroadleafMixedForests","Europe",0,100,56250,9125,22570,1095,1.07,1,"Polygynous",20.063,41.688,"Herbivore",1.59888487972509,9.17,0.08,"Herbivore"
"517","Dama dama","CERVIDAE","ARTIODACTYLA","TemperateConiferForests","Europe",0,100,56250,9125,22570,1095,1.07,1,"Polygynous",20.063,41.688,"Herbivore",1.59888487972509,9.17,0.08,"Herbivore"
"518","Dama dama","CERVIDAE","ARTIODACTYLA","TemperateGrasslands,SavannasShrublands","Europe",0,100,56250,9125,22570,1095,1.07,1,"Polygynous",20.063,41.688,"Herbivore",1.59888487972509,9.17,0.08,"Herbivore"
"519","Dama dama","CERVIDAE","ARTIODACTYLA","BorealForestsTaiga","Europe",0,100,56250,9125,22570,1095,1.07,1,"Polygynous",20.063,41.688,"Herbivore",1.59888487972509,9.17,0.08,"Herbivore"
"520","Leontopithecus chrysopygus","CALLITRICHIDAE","PRIMATES","TropicalSubtropicalMoistBroadleafForests","SouthAmerica",50,50,700,11534,165,786.499,1.95,1.75,"Monogamous
Polyandrous",4.793,10.52,"Omnivore",1.09461538461538,1.99,0.64,NA
"521","Leontopithecus chrysopygus","CALLITRICHIDAE","PRIMATES","TropicalSubtropicalGrasslands,SavannasShrublands","SouthAmerica",50,50,700,11534,165,786.499,1.95,1.75,"Monogamous
Polyandrous",4.793,10.52,"Omnivore",1.09461538461538,1.99,0.64,NA
"522","Allocebus trichotis","CHEIROGALEIDAE","PRIMATES","MontaneGrasslandsShrublands","Africa",0,100,77.5,3278.917,57.15,650.773,1,1,"Monogamous",30.408,56.832,"Omnivore",0.0582939759036145,0.355,6e-04,"Herbivore"
"523","Allocebus trichotis","CHEIROGALEIDAE","PRIMATES","TropicalSubtropicalMoistBroadleafForests","Africa",0,100,77.5,3278.917,57.15,650.773,1,1,"Monogamous",30.408,56.832,"Omnivore",0.0582939759036145,0.355,6e-04,"Herbivore"
"524","Mandrillus sphinx","CERCOPITHECIDAE","PRIMATES","TropicalSubtropicalMoistBroadleafForests","Africa",20,80,18249.9,16910.45,3000,1460,1.045,0.83,"Polygynous",5.358,14.351,"Omnivore",105.16675,182,8.667,NA
"525","Mandrillus sphinx","CERCOPITHECIDAE","PRIMATES","Mangroves","Africa",20,80,18249.9,16910.45,3000,1460,1.045,0.83,"Polygynous",5.358,14.351,"Omnivore",105.16675,182,8.667,NA
"526","Mandrillus sphinx","CERCOPITHECIDAE","PRIMATES","TropicalSubtropicalGrasslands,SavannasShrublands","Africa",20,80,18249.9,16910.45,3000,1460,1.045,0.83,"Polygynous",5.358,14.351,"Omnivore",105.16675,182,8.667,NA
"527","Hylobates lar","HYLOBATIDAE","PRIMATES","TropicalSubtropicalMoistBroadleafForests","Asia",10,90,4892,20805,1070,3398.15,1,0.5,"Monogamous
Polyandrous",13.629,24.403,"Herbivore",0.174164705882353,0.57,0.021,"Herbivore"
"528","Hylobates lar","HYLOBATIDAE","PRIMATES","TropicalSubtropicalDryBroadleafForests","Asia",10,90,4892,20805,1070,3398.15,1,0.5,"Monogamous
Polyandrous",13.629,24.403,"Herbivore",0.174164705882353,0.57,0.021,"Herbivore"
"529","Hylobates lar","HYLOBATIDAE","PRIMATES","Mangroves","Asia",10,90,4892,20805,1070,3398.15,1,0.5,"Monogamous
Polyandrous",13.629,24.403,"Herbivore",0.174164705882353,0.57,0.021,"Herbivore"
"530","Hylobates lar","HYLOBATIDAE","PRIMATES","TropicalSubtropicalConiferousForests","Asia",10,90,4892,20805,1070,3398.15,1,0.5,"Monogamous
Polyandrous",13.629,24.403,"Herbivore",0.174164705882353,0.57,0.021,"Herbivore"
"531","Sus scrofa","SUIDAE","ARTIODACTYLA","TropicalSubtropicalMoistBroadleafForests","Asia",6,94,101052.1,9855,6469.99,312,5.567,1.5,"Polygynous",4.234,6.015,"Omnivore",6.88440760355817,205.48,3e-04,"Herbivore"
"532","Sus scrofa","SUIDAE","ARTIODACTYLA","DesertsXericShrublands","Asia",6,94,101052.1,9855,6469.99,312,5.567,1.5,"Polygynous",4.234,6.015,"Omnivore",6.88440760355817,205.48,3e-04,"Herbivore"
"533","Sus scrofa","SUIDAE","ARTIODACTYLA","TropicalSubtropicalDryBroadleafForests","Asia",6,94,101052.1,9855,6469.99,312,5.567,1.5,"Polygynous",4.234,6.015,"Omnivore",6.88440760355817,205.48,3e-04,"Herbivore"
"534","Sus scrofa","SUIDAE","ARTIODACTYLA","TemperateConiferForests","Asia",6,94,101052.1,9855,6469.99,312,5.567,1.5,"Polygynous",4.234,6.015,"Omnivore",6.88440760355817,205.48,3e-04,"Herbivore"
"535","Sus scrofa","SUIDAE","ARTIODACTYLA","TemperateBroadleafMixedForests","Asia",6,94,101052.1,9855,6469.99,312,5.567,1.5,"Polygynous",4.234,6.015,"Omnivore",6.88440760355817,205.48,3e-04,"Herbivore"
"536","Sus scrofa","SUIDAE","ARTIODACTYLA","MediterraneanForests,WoodlandsScrub","Africa",6,94,101052.1,9855,6469.99,312,5.567,1.5,"Polygynous",4.234,6.015,"Omnivore",6.88440760355817,205.48,3e-04,"Herbivore"
"537","Sus scrofa","SUIDAE","ARTIODACTYLA","TemperateConiferForests","Africa",6,94,101052.1,9855,6469.99,312,5.567,1.5,"Polygynous",4.234,6.015,"Omnivore",6.88440760355817,205.48,3e-04,"Herbivore"
"538","Sus scrofa","SUIDAE","ARTIODACTYLA","MontaneGrasslandsShrublands","Africa",6,94,101052.1,9855,6469.99,312,5.567,1.5,"Polygynous",4.234,6.015,"Omnivore",6.88440760355817,205.48,3e-04,"Herbivore"
"539","Sus scrofa","SUIDAE","ARTIODACTYLA","DesertsXericShrublands","Africa",6,94,101052.1,9855,6469.99,312,5.567,1.5,"Polygynous",4.234,6.015,"Omnivore",6.88440760355817,205.48,3e-04,"Herbivore"
"540","Sus scrofa","SUIDAE","ARTIODACTYLA","FloodedGrasslandsSavannas","Africa",6,94,101052.1,9855,6469.99,312,5.567,1.5,"Polygynous",4.234,6.015,"Omnivore",6.88440760355817,205.48,3e-04,"Herbivore"
"541","Sus scrofa","SUIDAE","ARTIODACTYLA","MediterraneanForests,WoodlandsScrub","Asia",6,94,101052.1,9855,6469.99,312,5.567,1.5,"Polygynous",4.234,6.015,"Omnivore",6.88440760355817,205.48,3e-04,"Herbivore"
"542","Sus scrofa","SUIDAE","ARTIODACTYLA","TemperateGrasslands,SavannasShrublands","Asia",6,94,101052.1,9855,6469.99,312,5.567,1.5,"Polygynous",4.234,6.015,"Omnivore",6.88440760355817,205.48,3e-04,"Herbivore"
"543","Sus scrofa","SUIDAE","ARTIODACTYLA","MontaneGrasslandsShrublands","Asia",6,94,101052.1,9855,6469.99,312,5.567,1.5,"Polygynous",4.234,6.015,"Omnivore",6.88440760355817,205.48,3e-04,"Herbivore"
"544","Sus scrofa","SUIDAE","ARTIODACTYLA","FloodedGrasslandsSavannas","Asia",6,94,101052.1,9855,6469.99,312,5.567,1.5,"Polygynous",4.234,6.015,"Omnivore",6.88440760355817,205.48,3e-04,"Herbivore"
"545","Sus scrofa","SUIDAE","ARTIODACTYLA","BorealForestsTaiga","Asia",6,94,101052.1,9855,6469.99,312,5.567,1.5,"Polygynous",4.234,6.015,"Omnivore",6.88440760355817,205.48,3e-04,"Herbivore"
"546","Sus scrofa","SUIDAE","ARTIODACTYLA","TropicalSubtropicalConiferousForests","Asia",6,94,101052.1,9855,6469.99,312,5.567,1.5,"Polygynous",4.234,6.015,"Omnivore",6.88440760355817,205.48,3e-04,"Herbivore"
"547","Sus scrofa","SUIDAE","ARTIODACTYLA","Mangroves","Asia",6,94,101052.1,9855,6469.99,312,5.567,1.5,"Polygynous",4.234,6.015,"Omnivore",6.88440760355817,205.48,3e-04,"Herbivore"
"548","Sus scrofa","SUIDAE","ARTIODACTYLA","TropicalSubtropicalGrasslands,SavannasShrublands","Asia",6,94,101052.1,9855,6469.99,312,5.567,1.5,"Polygynous",4.234,6.015,"Omnivore",6.88440760355817,205.48,3e-04,"Herbivore"
"549","Sus scrofa","SUIDAE","ARTIODACTYLA","Tundra","Asia",6,94,101052.1,9855,6469.99,312,5.567,1.5,"Polygynous",4.234,6.015,"Omnivore",6.88440760355817,205.48,3e-04,"Herbivore"
"550","Sus scrofa","SUIDAE","ARTIODACTYLA","MediterraneanForests,WoodlandsScrub","Europe",6,94,101052.1,9855,6469.99,312,5.567,1.5,"Polygynous",4.234,6.015,"Omnivore",6.88440760355817,205.48,3e-04,"Herbivore"
"551","Sus scrofa","SUIDAE","ARTIODACTYLA","TemperateConiferForests","Europe",6,94,101052.1,9855,6469.99,312,5.567,1.5,"Polygynous",4.234,6.015,"Omnivore",6.88440760355817,205.48,3e-04,"Herbivore"
"552","Sus scrofa","SUIDAE","ARTIODACTYLA","TemperateBroadleafMixedForests","Europe",6,94,101052.1,9855,6469.99,312,5.567,1.5,"Polygynous",4.234,6.015,"Omnivore",6.88440760355817,205.48,3e-04,"Herbivore"
"553","Sus scrofa","SUIDAE","ARTIODACTYLA","DesertsXericShrublands","Europe",6,94,101052.1,9855,6469.99,312,5.567,1.5,"Polygynous",4.234,6.015,"Omnivore",6.88440760355817,205.48,3e-04,"Herbivore"
"554","Sus scrofa","SUIDAE","ARTIODACTYLA","TemperateGrasslands,SavannasShrublands","Europe",6,94,101052.1,9855,6469.99,312,5.567,1.5,"Polygynous",4.234,6.015,"Omnivore",6.88440760355817,205.48,3e-04,"Herbivore"
"555","Sus scrofa","SUIDAE","ARTIODACTYLA","BorealForestsTaiga","Europe",6,94,101052.1,9855,6469.99,312,5.567,1.5,"Polygynous",4.234,6.015,"Omnivore",6.88440760355817,205.48,3e-04,"Herbivore"
"556","Dasyurus maculatus","DASYURIDAE","DASYUROMORPHIA","MontaneGrasslandsShrublands","Australia",100,0,5500,2482,664,395.39,4.47,1,"Polygynous",0.41,0.908,"Omnivore",8.14569957081545,64.557,0.21,"Carnivore"
"557","Dasyurus maculatus","DASYURIDAE","DASYUROMORPHIA","TropicalSubtropicalGrasslands,SavannasShrublands","Australia",100,0,5500,2482,664,395.39,4.47,1,"Polygynous",0.41,0.908,"Omnivore",8.14569957081545,64.557,0.21,"Carnivore"
"558","Dasyurus maculatus","DASYURIDAE","DASYUROMORPHIA","TemperateBroadleafMixedForests","Australia",100,0,5500,2482,664,395.39,4.47,1,"Polygynous",0.41,0.908,"Omnivore",8.14569957081545,64.557,0.21,"Carnivore"
"559","Dasyurus maculatus","DASYURIDAE","DASYUROMORPHIA","MediterraneanForests,WoodlandsScrub","Australia",100,0,5500,2482,664,395.39,4.47,1,"Polygynous",0.41,0.908,"Omnivore",8.14569957081545,64.557,0.21,"Carnivore"
"560","Dasyurus maculatus","DASYURIDAE","DASYUROMORPHIA","TropicalSubtropicalMoistBroadleafForests","Australia",100,0,5500,2482,664,395.39,4.47,1,"Polygynous",0.41,0.908,"Omnivore",8.14569957081545,64.557,0.21,"Carnivore"
"561","Dasyurus maculatus","DASYURIDAE","DASYUROMORPHIA","TemperateGrasslands,SavannasShrublands","Australia",100,0,5500,2482,664,395.39,4.47,1,"Polygynous",0.41,0.908,"Omnivore",8.14569957081545,64.557,0.21,"Carnivore"
"562","Macaca mulatta","CERCOPITHECIDAE","PRIMATES","TropicalSubtropicalMoistBroadleafForests","Asia",10,90,3713,14600,1454,1460,1,1,"Polygynandrous (promiscuous)",18.162,33.203,"Omnivore",3.11480952380952,14.06,0.015,"Herbivore"
"563","Macaca mulatta","CERCOPITHECIDAE","PRIMATES","DesertsXericShrublands","Asia",10,90,3713,14600,1454,1460,1,1,"Polygynandrous (promiscuous)",18.162,33.203,"Omnivore",3.11480952380952,14.06,0.015,"Herbivore"
"564","Macaca mulatta","CERCOPITHECIDAE","PRIMATES","TemperateBroadleafMixedForests","Asia",10,90,3713,14600,1454,1460,1,1,"Polygynandrous (promiscuous)",18.162,33.203,"Omnivore",3.11480952380952,14.06,0.015,"Herbivore"
"565","Macaca mulatta","CERCOPITHECIDAE","PRIMATES","TropicalSubtropicalDryBroadleafForests","Asia",10,90,3713,14600,1454,1460,1,1,"Polygynandrous (promiscuous)",18.162,33.203,"Omnivore",3.11480952380952,14.06,0.015,"Herbivore"
"566","Macaca mulatta","CERCOPITHECIDAE","PRIMATES","TemperateConiferForests","Asia",10,90,3713,14600,1454,1460,1,1,"Polygynandrous (promiscuous)",18.162,33.203,"Omnivore",3.11480952380952,14.06,0.015,"Herbivore"
"567","Macaca mulatta","CERCOPITHECIDAE","PRIMATES","MontaneGrasslandsShrublands","Asia",10,90,3713,14600,1454,1460,1,1,"Polygynandrous (promiscuous)",18.162,33.203,"Omnivore",3.11480952380952,14.06,0.015,"Herbivore"
"568","Macaca mulatta","CERCOPITHECIDAE","PRIMATES","TropicalSubtropicalConiferousForests","Asia",10,90,3713,14600,1454,1460,1,1,"Polygynandrous (promiscuous)",18.162,33.203,"Omnivore",3.11480952380952,14.06,0.015,"Herbivore"
"569","Macaca mulatta","CERCOPITHECIDAE","PRIMATES","Mangroves","Asia",10,90,3713,14600,1454,1460,1,1,"Polygynandrous (promiscuous)",18.162,33.203,"Omnivore",3.11480952380952,14.06,0.015,"Herbivore"
"570","Macaca mulatta","CERCOPITHECIDAE","PRIMATES","FloodedGrasslandsSavannas","Asia",10,90,3713,14600,1454,1460,1,1,"Polygynandrous (promiscuous)",18.162,33.203,"Omnivore",3.11480952380952,14.06,0.015,"Herbivore"
"571","Macaca mulatta","CERCOPITHECIDAE","PRIMATES","TropicalSubtropicalGrasslands,SavannasShrublands","Asia",10,90,3713,14600,1454,1460,1,1,"Polygynandrous (promiscuous)",18.162,33.203,"Omnivore",3.11480952380952,14.06,0.015,"Herbivore"
"572","Ailurus fulgens","AILURIDAE","CARNIVORA","TropicalSubtropicalMoistBroadleafForests","Asia",20,80,4900,6935,1140,760.41,2,1,"Polygynandrous (promiscuous)",5.388,49.806,"Herbivore",1.28514715621429,7.29,0.08,NA
"573","Ailurus fulgens","AILURIDAE","CARNIVORA","TemperateBroadleafMixedForests","Asia",20,80,4900,6935,1140,760.41,2,1,"Polygynandrous (promiscuous)",5.388,49.806,"Herbivore",1.28514715621429,7.29,0.08,NA
"574","Ailurus fulgens","AILURIDAE","CARNIVORA","MontaneGrasslandsShrublands","Asia",20,80,4900,6935,1140,760.41,2,1,"Polygynandrous (promiscuous)",5.388,49.806,"Herbivore",1.28514715621429,7.29,0.08,NA
"575","Ailurus fulgens","AILURIDAE","CARNIVORA","TemperateConiferForests","Asia",20,80,4900,6935,1140,760.41,2,1,"Polygynandrous (promiscuous)",5.388,49.806,"Herbivore",1.28514715621429,7.29,0.08,NA
"576","Ailurus fulgens","AILURIDAE","CARNIVORA","TropicalSubtropicalConiferousForests","Asia",20,80,4900,6935,1140,760.41,2,1,"Polygynandrous (promiscuous)",5.388,49.806,"Herbivore",1.28514715621429,7.29,0.08,NA
"577","Didelphis virginiana","DIDELPHIDAE","DIDELPHIMORPHIA","TemperateBroadleafMixedForests","NorthAmerica",80,20,2195.5,2555,125,186,6.645,2,"Polygynous",2.263,6.066,"Omnivore",0.642114754098361,3.664,0.028,NA
"578","Didelphis virginiana","DIDELPHIDAE","DIDELPHIMORPHIA","TemperateConiferForests","NorthAmerica",80,20,2195.5,2555,125,186,6.645,2,"Polygynous",2.263,6.066,"Omnivore",0.642114754098361,3.664,0.028,NA
"579","Didelphis virginiana","DIDELPHIDAE","DIDELPHIMORPHIA","Mangroves","NorthAmerica",80,20,2195.5,2555,125,186,6.645,2,"Polygynous",2.263,6.066,"Omnivore",0.642114754098361,3.664,0.028,NA
"580","Didelphis virginiana","DIDELPHIDAE","DIDELPHIMORPHIA","TropicalSubtropicalDryBroadleafForests","NorthAmerica",80,20,2195.5,2555,125,186,6.645,2,"Polygynous",2.263,6.066,"Omnivore",0.642114754098361,3.664,0.028,NA
"581","Didelphis virginiana","DIDELPHIDAE","DIDELPHIMORPHIA","TropicalSubtropicalGrasslands,SavannasShrublands","NorthAmerica",80,20,2195.5,2555,125,186,6.645,2,"Polygynous",2.263,6.066,"Omnivore",0.642114754098361,3.664,0.028,NA
"582","Didelphis virginiana","DIDELPHIDAE","DIDELPHIMORPHIA","TemperateGrasslands,SavannasShrublands","NorthAmerica",80,20,2195.5,2555,125,186,6.645,2,"Polygynous",2.263,6.066,"Omnivore",0.642114754098361,3.664,0.028,NA
"583","Didelphis virginiana","DIDELPHIDAE","DIDELPHIMORPHIA","MediterraneanForests,WoodlandsScrub","NorthAmerica",80,20,2195.5,2555,125,186,6.645,2,"Polygynous",2.263,6.066,"Omnivore",0.642114754098361,3.664,0.028,NA
"584","Didelphis virginiana","DIDELPHIDAE","DIDELPHIMORPHIA","TropicalSubtropicalMoistBroadleafForests","NorthAmerica",80,20,2195.5,2555,125,186,6.645,2,"Polygynous",2.263,6.066,"Omnivore",0.642114754098361,3.664,0.028,NA
"585","Didelphis virginiana","DIDELPHIDAE","DIDELPHIMORPHIA","TropicalSubtropicalConiferousForests","NorthAmerica",80,20,2195.5,2555,125,186,6.645,2,"Polygynous",2.263,6.066,"Omnivore",0.642114754098361,3.664,0.028,NA
"586","Didelphis virginiana","DIDELPHIDAE","DIDELPHIMORPHIA","DesertsXericShrublands","NorthAmerica",80,20,2195.5,2555,125,186,6.645,2,"Polygynous",2.263,6.066,"Omnivore",0.642114754098361,3.664,0.028,NA
"587","Didelphis virginiana","DIDELPHIDAE","DIDELPHIMORPHIA","FloodedGrasslandsSavannas","NorthAmerica",80,20,2195.5,2555,125,186,6.645,2,"Polygynous",2.263,6.066,"Omnivore",0.642114754098361,3.664,0.028,NA
"588","Leopardus pardalis","FELIDAE","CARNIVORA","TropicalSubtropicalDryBroadleafForests","NorthAmerica",84,16,11900.1,10293,3400,758.135,1.66,1,"Polygynous",0.11,0.187,"Carnivore",42.7998265895954,800.1,0.76,NA
"589","Leopardus pardalis","FELIDAE","CARNIVORA","TropicalSubtropicalGrasslands,SavannasShrublands","NorthAmerica",84,16,11900.1,10293,3400,758.135,1.66,1,"Polygynous",0.11,0.187,"Carnivore",42.7998265895954,800.1,0.76,NA
"590","Leopardus pardalis","FELIDAE","CARNIVORA","TropicalSubtropicalMoistBroadleafForests","NorthAmerica",84,16,11900.1,10293,3400,758.135,1.66,1,"Polygynous",0.11,0.187,"Carnivore",42.7998265895954,800.1,0.76,NA
"591","Leopardus pardalis","FELIDAE","CARNIVORA","TropicalSubtropicalConiferousForests","NorthAmerica",84,16,11900.1,10293,3400,758.135,1.66,1,"Polygynous",0.11,0.187,"Carnivore",42.7998265895954,800.1,0.76,NA
"592","Leopardus pardalis","FELIDAE","CARNIVORA","DesertsXericShrublands","NorthAmerica",84,16,11900.1,10293,3400,758.135,1.66,1,"Polygynous",0.11,0.187,"Carnivore",42.7998265895954,800.1,0.76,NA
"593","Leopardus pardalis","FELIDAE","CARNIVORA","Mangroves","NorthAmerica",84,16,11900.1,10293,3400,758.135,1.66,1,"Polygynous",0.11,0.187,"Carnivore",42.7998265895954,800.1,0.76,NA
"594","Leopardus pardalis","FELIDAE","CARNIVORA","TropicalSubtropicalMoistBroadleafForests","SouthAmerica",84,16,11900.1,10293,3400,758.135,1.66,1,"Polygynous",0.11,0.187,"Carnivore",42.7998265895954,800.1,0.76,NA
"595","Leopardus pardalis","FELIDAE","CARNIVORA","Mangroves","SouthAmerica",84,16,11900.1,10293,3400,758.135,1.66,1,"Polygynous",0.11,0.187,"Carnivore",42.7998265895954,800.1,0.76,NA
"596","Leopardus pardalis","FELIDAE","CARNIVORA","TropicalSubtropicalDryBroadleafForests","SouthAmerica",84,16,11900.1,10293,3400,758.135,1.66,1,"Polygynous",0.11,0.187,"Carnivore",42.7998265895954,800.1,0.76,NA
"597","Leopardus pardalis","FELIDAE","CARNIVORA","DesertsXericShrublands","SouthAmerica",84,16,11900.1,10293,3400,758.135,1.66,1,"Polygynous",0.11,0.187,"Carnivore",42.7998265895954,800.1,0.76,NA
"598","Leopardus pardalis","FELIDAE","CARNIVORA","TropicalSubtropicalGrasslands,SavannasShrublands","SouthAmerica",84,16,11900.1,10293,3400,758.135,1.66,1,"Polygynous",0.11,0.187,"Carnivore",42.7998265895954,800.1,0.76,NA
"599","Leopardus pardalis","FELIDAE","CARNIVORA","MontaneGrasslandsShrublands","SouthAmerica",84,16,11900.1,10293,3400,758.135,1.66,1,"Polygynous",0.11,0.187,"Carnivore",42.7998265895954,800.1,0.76,NA
"600","Leopardus pardalis","FELIDAE","CARNIVORA","FloodedGrasslandsSavannas","SouthAmerica",84,16,11900.1,10293,3400,758.135,1.66,1,"Polygynous",0.11,0.187,"Carnivore",42.7998265895954,800.1,0.76,NA
"601","Cuon alpinus","CANIDAE","CARNIVORA","TropicalSubtropicalMoistBroadleafForests","Asia",100,0,12760,5876.5,2350,435.43,4.3,1.05,"Monogamous
Cooperative breeder",0.231,1.385,"Carnivore",41.332,83.3,12,"Carnivore"
"602","Cuon alpinus","CANIDAE","CARNIVORA","TemperateBroadleafMixedForests","Asia",100,0,12760,5876.5,2350,435.43,4.3,1.05,"Monogamous
Cooperative breeder",0.231,1.385,"Carnivore",41.332,83.3,12,"Carnivore"
"603","Cuon alpinus","CANIDAE","CARNIVORA","TropicalSubtropicalDryBroadleafForests","Asia",100,0,12760,5876.5,2350,435.43,4.3,1.05,"Monogamous
Cooperative breeder",0.231,1.385,"Carnivore",41.332,83.3,12,"Carnivore"
"604","Cuon alpinus","CANIDAE","CARNIVORA","MontaneGrasslandsShrublands","Asia",100,0,12760,5876.5,2350,435.43,4.3,1.05,"Monogamous
Cooperative breeder",0.231,1.385,"Carnivore",41.332,83.3,12,"Carnivore"
"605","Cuon alpinus","CANIDAE","CARNIVORA","DesertsXericShrublands","Asia",100,0,12760,5876.5,2350,435.43,4.3,1.05,"Monogamous
Cooperative breeder",0.231,1.385,"Carnivore",41.332,83.3,12,"Carnivore"
"606","Cuon alpinus","CANIDAE","CARNIVORA","TemperateConiferForests","Asia",100,0,12760,5876.5,2350,435.43,4.3,1.05,"Monogamous
Cooperative breeder",0.231,1.385,"Carnivore",41.332,83.3,12,"Carnivore"
"607","Cuon alpinus","CANIDAE","CARNIVORA","TropicalSubtropicalConiferousForests","Asia",100,0,12760,5876.5,2350,435.43,4.3,1.05,"Monogamous
Cooperative breeder",0.231,1.385,"Carnivore",41.332,83.3,12,"Carnivore"
"608","Cuon alpinus","CANIDAE","CARNIVORA","Mangroves","Asia",100,0,12760,5876.5,2350,435.43,4.3,1.05,"Monogamous
Cooperative breeder",0.231,1.385,"Carnivore",41.332,83.3,12,"Carnivore"
"609","Cuon alpinus","CANIDAE","CARNIVORA","TropicalSubtropicalGrasslands,SavannasShrublands","Asia",100,0,12760,5876.5,2350,435.43,4.3,1.05,"Monogamous
Cooperative breeder",0.231,1.385,"Carnivore",41.332,83.3,12,"Carnivore"
"610","Hylobates pileatus","HYLOBATIDAE","PRIMATES","TropicalSubtropicalMoistBroadleafForests","Asia",10,90,5440,20805,1070,2771.243,1,0.5,"Monogamous",29.151,90.35,"Omnivore",0.5345,0.557,0.516,"Herbivore"
"611","Hylobates pileatus","HYLOBATIDAE","PRIMATES","TropicalSubtropicalDryBroadleafForests","Asia",10,90,5440,20805,1070,2771.243,1,0.5,"Monogamous",29.151,90.35,"Omnivore",0.5345,0.557,0.516,"Herbivore"
"612","Hylobates pileatus","HYLOBATIDAE","PRIMATES","Mangroves","Asia",10,90,5440,20805,1070,2771.243,1,0.5,"Monogamous",29.151,90.35,"Omnivore",0.5345,0.557,0.516,"Herbivore"
"613","Microtus ochrogaster","CRICETIDAE","RODENTIA","TemperateConiferForests","NorthAmerica",0,100,38,1943.625,16.68,58.44,3.8,4,"Monogamous
Polygynandrous (promiscuous)",821.009,4929.088,"Omnivore",0.00025528487881577,0.00133543765934199,3e-05,"Herbivore"
"614","Microtus ochrogaster","CRICETIDAE","RODENTIA","TemperateBroadleafMixedForests","NorthAmerica",0,100,38,1943.625,16.68,58.44,3.8,4,"Monogamous
Polygynandrous (promiscuous)",821.009,4929.088,"Omnivore",0.00025528487881577,0.00133543765934199,3e-05,"Herbivore"
"615","Microtus ochrogaster","CRICETIDAE","RODENTIA","TemperateGrasslands,SavannasShrublands","NorthAmerica",0,100,38,1943.625,16.68,58.44,3.8,4,"Monogamous
Polygynandrous (promiscuous)",821.009,4929.088,"Omnivore",0.00025528487881577,0.00133543765934199,3e-05,"Herbivore"
"616","Microtus ochrogaster","CRICETIDAE","RODENTIA","DesertsXericShrublands","NorthAmerica",0,100,38,1943.625,16.68,58.44,3.8,4,"Monogamous
Polygynandrous (promiscuous)",821.009,4929.088,"Omnivore",0.00025528487881577,0.00133543765934199,3e-05,"Herbivore"
"617","Microtus ochrogaster","CRICETIDAE","RODENTIA","BorealForestsTaiga","NorthAmerica",0,100,38,1943.625,16.68,58.44,3.8,4,"Monogamous
Polygynandrous (promiscuous)",821.009,4929.088,"Omnivore",0.00025528487881577,0.00133543765934199,3e-05,"Herbivore"
"618","Microtus ochrogaster","CRICETIDAE","RODENTIA","TropicalSubtropicalGrasslands,SavannasShrublands","NorthAmerica",0,100,38,1943.625,16.68,58.44,3.8,4,"Monogamous
Polygynandrous (promiscuous)",821.009,4929.088,"Omnivore",0.00025528487881577,0.00133543765934199,3e-05,"Herbivore"
"619","Panthera pardus","FELIDAE","CARNIVORA","DesertsXericShrublands","Asia",100,0,54999.7,9964.5,1940,1147.01,2.14,1,"Polygynandrous (promiscuous)",0.041,0.059,"Carnivore",145.162104513064,2750.05,2.8,"Carnivore"
"620","Panthera pardus","FELIDAE","CARNIVORA","TropicalSubtropicalDryBroadleafForests","Asia",100,0,54999.7,9964.5,1940,1147.01,2.14,1,"Polygynandrous (promiscuous)",0.041,0.059,"Carnivore",145.162104513064,2750.05,2.8,"Carnivore"
"621","Panthera pardus","FELIDAE","CARNIVORA","TropicalSubtropicalMoistBroadleafForests","Asia",100,0,54999.7,9964.5,1940,1147.01,2.14,1,"Polygynandrous (promiscuous)",0.041,0.059,"Carnivore",145.162104513064,2750.05,2.8,"Carnivore"
"622","Panthera pardus","FELIDAE","CARNIVORA","TemperateBroadleafMixedForests","Asia",100,0,54999.7,9964.5,1940,1147.01,2.14,1,"Polygynandrous (promiscuous)",0.041,0.059,"Carnivore",145.162104513064,2750.05,2.8,"Carnivore"
"623","Panthera pardus","FELIDAE","CARNIVORA","FloodedGrasslandsSavannas","Asia",100,0,54999.7,9964.5,1940,1147.01,2.14,1,"Polygynandrous (promiscuous)",0.041,0.059,"Carnivore",145.162104513064,2750.05,2.8,"Carnivore"
"624","Panthera pardus","FELIDAE","CARNIVORA","MediterraneanForests,WoodlandsScrub","Asia",100,0,54999.7,9964.5,1940,1147.01,2.14,1,"Polygynandrous (promiscuous)",0.041,0.059,"Carnivore",145.162104513064,2750.05,2.8,"Carnivore"
"625","Panthera pardus","FELIDAE","CARNIVORA","TemperateConiferForests","Asia",100,0,54999.7,9964.5,1940,1147.01,2.14,1,"Polygynandrous (promiscuous)",0.041,0.059,"Carnivore",145.162104513064,2750.05,2.8,"Carnivore"
"626","Panthera pardus","FELIDAE","CARNIVORA","TemperateGrasslands,SavannasShrublands","Asia",100,0,54999.7,9964.5,1940,1147.01,2.14,1,"Polygynandrous (promiscuous)",0.041,0.059,"Carnivore",145.162104513064,2750.05,2.8,"Carnivore"
"627","Panthera pardus","FELIDAE","CARNIVORA","MontaneGrasslandsShrublands","Asia",100,0,54999.7,9964.5,1940,1147.01,2.14,1,"Polygynandrous (promiscuous)",0.041,0.059,"Carnivore",145.162104513064,2750.05,2.8,"Carnivore"
"628","Panthera pardus","FELIDAE","CARNIVORA","TropicalSubtropicalConiferousForests","Asia",100,0,54999.7,9964.5,1940,1147.01,2.14,1,"Polygynandrous (promiscuous)",0.041,0.059,"Carnivore",145.162104513064,2750.05,2.8,"Carnivore"
"629","Panthera pardus","FELIDAE","CARNIVORA","Mangroves","Asia",100,0,54999.7,9964.5,1940,1147.01,2.14,1,"Polygynandrous (promiscuous)",0.041,0.059,"Carnivore",145.162104513064,2750.05,2.8,"Carnivore"
"630","Panthera pardus","FELIDAE","CARNIVORA","TemperateBroadleafMixedForests","Europe",100,0,54999.7,9964.5,1940,1147.01,2.14,1,"Polygynandrous (promiscuous)",0.041,0.059,"Carnivore",145.162104513064,2750.05,2.8,"Carnivore"
"631","Panthera pardus","FELIDAE","CARNIVORA","TemperateGrasslands,SavannasShrublands","Europe",100,0,54999.7,9964.5,1940,1147.01,2.14,1,"Polygynandrous (promiscuous)",0.041,0.059,"Carnivore",145.162104513064,2750.05,2.8,"Carnivore"
"632","Panthera pardus","FELIDAE","CARNIVORA","MediterraneanForests,WoodlandsScrub","Africa",100,0,54999.7,9964.5,1940,1147.01,2.14,1,"Polygynandrous (promiscuous)",0.041,0.059,"Carnivore",145.162104513064,2750.05,2.8,"Carnivore"
"633","Panthera pardus","FELIDAE","CARNIVORA","TropicalSubtropicalMoistBroadleafForests","Africa",100,0,54999.7,9964.5,1940,1147.01,2.14,1,"Polygynandrous (promiscuous)",0.041,0.059,"Carnivore",145.162104513064,2750.05,2.8,"Carnivore"
"634","Panthera pardus","FELIDAE","CARNIVORA","MontaneGrasslandsShrublands","Africa",100,0,54999.7,9964.5,1940,1147.01,2.14,1,"Polygynandrous (promiscuous)",0.041,0.059,"Carnivore",145.162104513064,2750.05,2.8,"Carnivore"
"635","Panthera pardus","FELIDAE","CARNIVORA","TropicalSubtropicalGrasslands,SavannasShrublands","Africa",100,0,54999.7,9964.5,1940,1147.01,2.14,1,"Polygynandrous (promiscuous)",0.041,0.059,"Carnivore",145.162104513064,2750.05,2.8,"Carnivore"
"636","Panthera pardus","FELIDAE","CARNIVORA","Mangroves","Africa",100,0,54999.7,9964.5,1940,1147.01,2.14,1,"Polygynandrous (promiscuous)",0.041,0.059,"Carnivore",145.162104513064,2750.05,2.8,"Carnivore"
"637","Panthera pardus","FELIDAE","CARNIVORA","DesertsXericShrublands","Africa",100,0,54999.7,9964.5,1940,1147.01,2.14,1,"Polygynandrous (promiscuous)",0.041,0.059,"Carnivore",145.162104513064,2750.05,2.8,"Carnivore"
"638","Panthera pardus","FELIDAE","CARNIVORA","FloodedGrasslandsSavannas","Africa",100,0,54999.7,9964.5,1940,1147.01,2.14,1,"Polygynandrous (promiscuous)",0.041,0.059,"Carnivore",145.162104513064,2750.05,2.8,"Carnivore"
"639","Panthera pardus","FELIDAE","CARNIVORA","TemperateConiferForests","Africa",100,0,54999.7,9964.5,1940,1147.01,2.14,1,"Polygynandrous (promiscuous)",0.041,0.059,"Carnivore",145.162104513064,2750.05,2.8,"Carnivore"
"640","Panthera pardus","FELIDAE","CARNIVORA","TropicalSubtropicalGrasslands,SavannasShrublands","Asia",100,0,54999.7,9964.5,1940,1147.01,2.14,1,"Polygynandrous (promiscuous)",0.041,0.059,"Carnivore",145.162104513064,2750.05,2.8,"Carnivore"
"641","Panthera pardus","FELIDAE","CARNIVORA","TropicalSubtropicalDryBroadleafForests","Africa",100,0,54999.7,9964.5,1940,1147.01,2.14,1,"Polygynandrous (promiscuous)",0.041,0.059,"Carnivore",145.162104513064,2750.05,2.8,"Carnivore"
"642","Hylobates moloch","HYLOBATIDAE","PRIMATES","TropicalSubtropicalMoistBroadleafForests","Asia",10,90,6500,20805,1070,3066.063,1,0.475,"Monogamous",7.156,14.875,"Herbivore",0.266140408211333,0.54,0.09897351824,"Herbivore"
"643","Nasua nasua","PROCYONIDAE","CARNIVORA","TropicalSubtropicalMoistBroadleafForests","SouthAmerica",30,70,3793.8,8650.5,730,915.85,3.81,1.1,"Polygynous",7.845,12.625,"Omnivore",4.25785714285714,12.45,0.25,NA
"644","Nasua nasua","PROCYONIDAE","CARNIVORA","Mangroves","SouthAmerica",30,70,3793.8,8650.5,730,915.85,3.81,1.1,"Polygynous",7.845,12.625,"Omnivore",4.25785714285714,12.45,0.25,NA
"645","Nasua nasua","PROCYONIDAE","CARNIVORA","TropicalSubtropicalDryBroadleafForests","SouthAmerica",30,70,3793.8,8650.5,730,915.85,3.81,1.1,"Polygynous",7.845,12.625,"Omnivore",4.25785714285714,12.45,0.25,NA
"646","Nasua nasua","PROCYONIDAE","CARNIVORA","TropicalSubtropicalGrasslands,SavannasShrublands","SouthAmerica",30,70,3793.8,8650.5,730,915.85,3.81,1.1,"Polygynous",7.845,12.625,"Omnivore",4.25785714285714,12.45,0.25,NA
"647","Nasua nasua","PROCYONIDAE","CARNIVORA","TemperateGrasslands,SavannasShrublands","SouthAmerica",30,70,3793.8,8650.5,730,915.85,3.81,1.1,"Polygynous",7.845,12.625,"Omnivore",4.25785714285714,12.45,0.25,NA
"648","Nasua nasua","PROCYONIDAE","CARNIVORA","MontaneGrasslandsShrublands","SouthAmerica",30,70,3793.8,8650.5,730,915.85,3.81,1.1,"Polygynous",7.845,12.625,"Omnivore",4.25785714285714,12.45,0.25,NA
"649","Nasua nasua","PROCYONIDAE","CARNIVORA","FloodedGrasslandsSavannas","SouthAmerica",30,70,3793.8,8650.5,730,915.85,3.81,1.1,"Polygynous",7.845,12.625,"Omnivore",4.25785714285714,12.45,0.25,NA
"650","Nycticeius humeralis","VESPERTILIONIDAE","CHIROPTERA","TemperateBroadleafMixedForests","NorthAmerica",100,0,9,8760,3.555,486.97,1.47,1,"Polygynous",8.895,53.403,"Carnivore",4.17834386452083,38.39529468,0.34,"Carnivore"
"651","Nycticeius humeralis","VESPERTILIONIDAE","CHIROPTERA","TemperateConiferForests","NorthAmerica",100,0,9,8760,3.555,486.97,1.47,1,"Polygynous",8.895,53.403,"Carnivore",4.17834386452083,38.39529468,0.34,"Carnivore"
"652","Nycticeius humeralis","VESPERTILIONIDAE","CHIROPTERA","Mangroves","NorthAmerica",100,0,9,8760,3.555,486.97,1.47,1,"Polygynous",8.895,53.403,"Carnivore",4.17834386452083,38.39529468,0.34,"Carnivore"
"653","Nycticeius humeralis","VESPERTILIONIDAE","CHIROPTERA","TemperateGrasslands,SavannasShrublands","NorthAmerica",100,0,9,8760,3.555,486.97,1.47,1,"Polygynous",8.895,53.403,"Carnivore",4.17834386452083,38.39529468,0.34,"Carnivore"
"654","Nycticeius humeralis","VESPERTILIONIDAE","CHIROPTERA","DesertsXericShrublands","NorthAmerica",100,0,9,8760,3.555,486.97,1.47,1,"Polygynous",8.895,53.403,"Carnivore",4.17834386452083,38.39529468,0.34,"Carnivore"
"655","Nycticeius humeralis","VESPERTILIONIDAE","CHIROPTERA","FloodedGrasslandsSavannas","NorthAmerica",100,0,9,8760,3.555,486.97,1.47,1,"Polygynous",8.895,53.403,"Carnivore",4.17834386452083,38.39529468,0.34,"Carnivore"
"656","Nycticeius humeralis","VESPERTILIONIDAE","CHIROPTERA","TropicalSubtropicalConiferousForests","NorthAmerica",100,0,9,8760,3.555,486.97,1.47,1,"Polygynous",8.895,53.403,"Carnivore",4.17834386452083,38.39529468,0.34,"Carnivore"
"657","Nycticeius humeralis","VESPERTILIONIDAE","CHIROPTERA","TropicalSubtropicalMoistBroadleafForests","NorthAmerica",100,0,9,8760,3.555,486.97,1.47,1,"Polygynous",8.895,53.403,"Carnivore",4.17834386452083,38.39529468,0.34,"Carnivore"
"658","Nycticeius humeralis","VESPERTILIONIDAE","CHIROPTERA","TropicalSubtropicalGrasslands,SavannasShrublands","NorthAmerica",100,0,9,8760,3.555,486.97,1.47,1,"Polygynous",8.895,53.403,"Carnivore",4.17834386452083,38.39529468,0.34,"Carnivore"
"659","Vulpes vulpes","CANIDAE","CARNIVORA","TropicalSubtropicalGrasslands,SavannasShrublands","Australia",89,11,5318.2,7774.5,1397,373.32,4.732,1,"Monogamous
Polygynous
Cooperative breeder",0.369,0.596,"Omnivore",11.2908528194828,501.58,0.03,NA
"660","Vulpes vulpes","CANIDAE","CARNIVORA","MontaneGrasslandsShrublands","Australia",89,11,5318.2,7774.5,1397,373.32,4.732,1,"Monogamous
Polygynous
Cooperative breeder",0.369,0.596,"Omnivore",11.2908528194828,501.58,0.03,NA
"661","Vulpes vulpes","CANIDAE","CARNIVORA","DesertsXericShrublands","Australia",89,11,5318.2,7774.5,1397,373.32,4.732,1,"Monogamous
Polygynous
Cooperative breeder",0.369,0.596,"Omnivore",11.2908528194828,501.58,0.03,NA
"662","Vulpes vulpes","CANIDAE","CARNIVORA","MediterraneanForests,WoodlandsScrub","Australia",89,11,5318.2,7774.5,1397,373.32,4.732,1,"Monogamous
Polygynous
Cooperative breeder",0.369,0.596,"Omnivore",11.2908528194828,501.58,0.03,NA
"663","Vulpes vulpes","CANIDAE","CARNIVORA","TemperateGrasslands,SavannasShrublands","Australia",89,11,5318.2,7774.5,1397,373.32,4.732,1,"Monogamous
Polygynous
Cooperative breeder",0.369,0.596,"Omnivore",11.2908528194828,501.58,0.03,NA
"664","Vulpes vulpes","CANIDAE","CARNIVORA","TemperateBroadleafMixedForests","Australia",89,11,5318.2,7774.5,1397,373.32,4.732,1,"Monogamous
Polygynous
Cooperative breeder",0.369,0.596,"Omnivore",11.2908528194828,501.58,0.03,NA
"665","Vulpes vulpes","CANIDAE","CARNIVORA","TropicalSubtropicalMoistBroadleafForests","Australia",89,11,5318.2,7774.5,1397,373.32,4.732,1,"Monogamous
Polygynous
Cooperative breeder",0.369,0.596,"Omnivore",11.2908528194828,501.58,0.03,NA
"666","Vulpes vulpes","CANIDAE","CARNIVORA","Tundra","NorthAmerica",89,11,5318.2,7774.5,1397,373.32,4.732,1,"Monogamous
Polygynous
Cooperative breeder",0.369,0.596,"Omnivore",11.2908528194828,501.58,0.03,NA
"667","Vulpes vulpes","CANIDAE","CARNIVORA","BorealForestsTaiga","NorthAmerica",89,11,5318.2,7774.5,1397,373.32,4.732,1,"Monogamous
Polygynous
Cooperative breeder",0.369,0.596,"Omnivore",11.2908528194828,501.58,0.03,NA
"668","Vulpes vulpes","CANIDAE","CARNIVORA","TemperateConiferForests","NorthAmerica",89,11,5318.2,7774.5,1397,373.32,4.732,1,"Monogamous
Polygynous
Cooperative breeder",0.369,0.596,"Omnivore",11.2908528194828,501.58,0.03,NA
"669","Vulpes vulpes","CANIDAE","CARNIVORA","TemperateBroadleafMixedForests","NorthAmerica",89,11,5318.2,7774.5,1397,373.32,4.732,1,"Monogamous
Polygynous
Cooperative breeder",0.369,0.596,"Omnivore",11.2908528194828,501.58,0.03,NA
"670","Vulpes vulpes","CANIDAE","CARNIVORA","Mangroves","NorthAmerica",89,11,5318.2,7774.5,1397,373.32,4.732,1,"Monogamous
Polygynous
Cooperative breeder",0.369,0.596,"Omnivore",11.2908528194828,501.58,0.03,NA
"671","Vulpes vulpes","CANIDAE","CARNIVORA","TemperateGrasslands,SavannasShrublands","NorthAmerica",89,11,5318.2,7774.5,1397,373.32,4.732,1,"Monogamous
Polygynous
Cooperative breeder",0.369,0.596,"Omnivore",11.2908528194828,501.58,0.03,NA
"672","Vulpes vulpes","CANIDAE","CARNIVORA","MediterraneanForests,WoodlandsScrub","NorthAmerica",89,11,5318.2,7774.5,1397,373.32,4.732,1,"Monogamous
Polygynous
Cooperative breeder",0.369,0.596,"Omnivore",11.2908528194828,501.58,0.03,NA
"673","Vulpes vulpes","CANIDAE","CARNIVORA","DesertsXericShrublands","NorthAmerica",89,11,5318.2,7774.5,1397,373.32,4.732,1,"Monogamous
Polygynous
Cooperative breeder",0.369,0.596,"Omnivore",11.2908528194828,501.58,0.03,NA
"674","Vulpes vulpes","CANIDAE","CARNIVORA","FloodedGrasslandsSavannas","NorthAmerica",89,11,5318.2,7774.5,1397,373.32,4.732,1,"Monogamous
Polygynous
Cooperative breeder",0.369,0.596,"Omnivore",11.2908528194828,501.58,0.03,NA
"675","Vulpes vulpes","CANIDAE","CARNIVORA","TropicalSubtropicalGrasslands,SavannasShrublands","NorthAmerica",89,11,5318.2,7774.5,1397,373.32,4.732,1,"Monogamous
Polygynous
Cooperative breeder",0.369,0.596,"Omnivore",11.2908528194828,501.58,0.03,NA
"676","Vulpes vulpes","CANIDAE","CARNIVORA","TemperateBroadleafMixedForests","Asia",89,11,5318.2,7774.5,1397,373.32,4.732,1,"Monogamous
Polygynous
Cooperative breeder",0.369,0.596,"Omnivore",11.2908528194828,501.58,0.03,NA
"677","Vulpes vulpes","CANIDAE","CARNIVORA","BorealForestsTaiga","Asia",89,11,5318.2,7774.5,1397,373.32,4.732,1,"Monogamous
Polygynous
Cooperative breeder",0.369,0.596,"Omnivore",11.2908528194828,501.58,0.03,NA
"678","Vulpes vulpes","CANIDAE","CARNIVORA","MediterraneanForests,WoodlandsScrub","Europe",89,11,5318.2,7774.5,1397,373.32,4.732,1,"Monogamous
Polygynous
Cooperative breeder",0.369,0.596,"Omnivore",11.2908528194828,501.58,0.03,NA
"679","Vulpes vulpes","CANIDAE","CARNIVORA","TemperateConiferForests","Asia",89,11,5318.2,7774.5,1397,373.32,4.732,1,"Monogamous
Polygynous
Cooperative breeder",0.369,0.596,"Omnivore",11.2908528194828,501.58,0.03,NA
"680","Vulpes vulpes","CANIDAE","CARNIVORA","TemperateBroadleafMixedForests","Europe",89,11,5318.2,7774.5,1397,373.32,4.732,1,"Monogamous
Polygynous
Cooperative breeder",0.369,0.596,"Omnivore",11.2908528194828,501.58,0.03,NA
"681","Vulpes vulpes","CANIDAE","CARNIVORA","DesertsXericShrublands","Africa",89,11,5318.2,7774.5,1397,373.32,4.732,1,"Monogamous
Polygynous
Cooperative breeder",0.369,0.596,"Omnivore",11.2908528194828,501.58,0.03,NA
"682","Vulpes vulpes","CANIDAE","CARNIVORA","MediterraneanForests,WoodlandsScrub","Africa",89,11,5318.2,7774.5,1397,373.32,4.732,1,"Monogamous
Polygynous
Cooperative breeder",0.369,0.596,"Omnivore",11.2908528194828,501.58,0.03,NA
"683","Vulpes vulpes","CANIDAE","CARNIVORA","TemperateConiferForests","Africa",89,11,5318.2,7774.5,1397,373.32,4.732,1,"Monogamous
Polygynous
Cooperative breeder",0.369,0.596,"Omnivore",11.2908528194828,501.58,0.03,NA
"684","Vulpes vulpes","CANIDAE","CARNIVORA","MontaneGrasslandsShrublands","Africa",89,11,5318.2,7774.5,1397,373.32,4.732,1,"Monogamous
Polygynous
Cooperative breeder",0.369,0.596,"Omnivore",11.2908528194828,501.58,0.03,NA
"685","Vulpes vulpes","CANIDAE","CARNIVORA","FloodedGrasslandsSavannas","Africa",89,11,5318.2,7774.5,1397,373.32,4.732,1,"Monogamous
Polygynous
Cooperative breeder",0.369,0.596,"Omnivore",11.2908528194828,501.58,0.03,NA
"686","Vulpes vulpes","CANIDAE","CARNIVORA","TropicalSubtropicalGrasslands,SavannasShrublands","Africa",89,11,5318.2,7774.5,1397,373.32,4.732,1,"Monogamous
Polygynous
Cooperative breeder",0.369,0.596,"Omnivore",11.2908528194828,501.58,0.03,NA
"687","Vulpes vulpes","CANIDAE","CARNIVORA","MediterraneanForests,WoodlandsScrub","Asia",89,11,5318.2,7774.5,1397,373.32,4.732,1,"Monogamous
Polygynous
Cooperative breeder",0.369,0.596,"Omnivore",11.2908528194828,501.58,0.03,NA
"688","Vulpes vulpes","CANIDAE","CARNIVORA","DesertsXericShrublands","Asia",89,11,5318.2,7774.5,1397,373.32,4.732,1,"Monogamous
Polygynous
Cooperative breeder",0.369,0.596,"Omnivore",11.2908528194828,501.58,0.03,NA
"689","Vulpes vulpes","CANIDAE","CARNIVORA","TemperateGrasslands,SavannasShrublands","Asia",89,11,5318.2,7774.5,1397,373.32,4.732,1,"Monogamous
Polygynous
Cooperative breeder",0.369,0.596,"Omnivore",11.2908528194828,501.58,0.03,NA
"690","Vulpes vulpes","CANIDAE","CARNIVORA","MontaneGrasslandsShrublands","Asia",89,11,5318.2,7774.5,1397,373.32,4.732,1,"Monogamous
Polygynous
Cooperative breeder",0.369,0.596,"Omnivore",11.2908528194828,501.58,0.03,NA
"691","Vulpes vulpes","CANIDAE","CARNIVORA","FloodedGrasslandsSavannas","Asia",89,11,5318.2,7774.5,1397,373.32,4.732,1,"Monogamous
Polygynous
Cooperative breeder",0.369,0.596,"Omnivore",11.2908528194828,501.58,0.03,NA
"692","Vulpes vulpes","CANIDAE","CARNIVORA","Tundra","Asia",89,11,5318.2,7774.5,1397,373.32,4.732,1,"Monogamous
Polygynous
Cooperative breeder",0.369,0.596,"Omnivore",11.2908528194828,501.58,0.03,NA
"693","Vulpes vulpes","CANIDAE","CARNIVORA","TropicalSubtropicalMoistBroadleafForests","Asia",89,11,5318.2,7774.5,1397,373.32,4.732,1,"Monogamous
Polygynous
Cooperative breeder",0.369,0.596,"Omnivore",11.2908528194828,501.58,0.03,NA
"694","Vulpes vulpes","CANIDAE","CARNIVORA","TropicalSubtropicalDryBroadleafForests","Asia",89,11,5318.2,7774.5,1397,373.32,4.732,1,"Monogamous
Polygynous
Cooperative breeder",0.369,0.596,"Omnivore",11.2908528194828,501.58,0.03,NA
"695","Vulpes vulpes","CANIDAE","CARNIVORA","TropicalSubtropicalConiferousForests","Asia",89,11,5318.2,7774.5,1397,373.32,4.732,1,"Monogamous
Polygynous
Cooperative breeder",0.369,0.596,"Omnivore",11.2908528194828,501.58,0.03,NA
"696","Vulpes vulpes","CANIDAE","CARNIVORA","Mangroves","Asia",89,11,5318.2,7774.5,1397,373.32,4.732,1,"Monogamous
Polygynous
Cooperative breeder",0.369,0.596,"Omnivore",11.2908528194828,501.58,0.03,NA
"697","Vulpes vulpes","CANIDAE","CARNIVORA","TropicalSubtropicalGrasslands,SavannasShrublands","Asia",89,11,5318.2,7774.5,1397,373.32,4.732,1,"Monogamous
Polygynous
Cooperative breeder",0.369,0.596,"Omnivore",11.2908528194828,501.58,0.03,NA
"698","Vulpes vulpes","CANIDAE","CARNIVORA","TemperateConiferForests","Europe",89,11,5318.2,7774.5,1397,373.32,4.732,1,"Monogamous
Polygynous
Cooperative breeder",0.369,0.596,"Omnivore",11.2908528194828,501.58,0.03,NA
"699","Vulpes vulpes","CANIDAE","CARNIVORA","DesertsXericShrublands","Europe",89,11,5318.2,7774.5,1397,373.32,4.732,1,"Monogamous
Polygynous
Cooperative breeder",0.369,0.596,"Omnivore",11.2908528194828,501.58,0.03,NA
"700","Vulpes vulpes","CANIDAE","CARNIVORA","TemperateGrasslands,SavannasShrublands","Europe",89,11,5318.2,7774.5,1397,373.32,4.732,1,"Monogamous
Polygynous
Cooperative breeder",0.369,0.596,"Omnivore",11.2908528194828,501.58,0.03,NA
"701","Vulpes vulpes","CANIDAE","CARNIVORA","Tundra","Europe",89,11,5318.2,7774.5,1397,373.32,4.732,1,"Monogamous
Polygynous
Cooperative breeder",0.369,0.596,"Omnivore",11.2908528194828,501.58,0.03,NA
"702","Vulpes vulpes","CANIDAE","CARNIVORA","BorealForestsTaiga","Europe",89,11,5318.2,7774.5,1397,373.32,4.732,1,"Monogamous
Polygynous
Cooperative breeder",0.369,0.596,"Omnivore",11.2908528194828,501.58,0.03,NA
"703","Cebus capucinus","CEBIDAE","PRIMATES","TropicalSubtropicalMoistBroadleafForests","NorthAmerica",30,70,2733,20075,1350,1460,1,0.5,"Polygynandrous (promiscuous)",38.004,81.413,"Omnivore",0.687189494931458,2.17,0.01244047939,NA
"704","Cebus capucinus","CEBIDAE","PRIMATES","Mangroves","NorthAmerica",30,70,2733,20075,1350,1460,1,0.5,"Polygynandrous (promiscuous)",38.004,81.413,"Omnivore",0.687189494931458,2.17,0.01244047939,NA
"705","Cebus capucinus","CEBIDAE","PRIMATES","TropicalSubtropicalDryBroadleafForests","NorthAmerica",30,70,2733,20075,1350,1460,1,0.5,"Polygynandrous (promiscuous)",38.004,81.413,"Omnivore",0.687189494931458,2.17,0.01244047939,NA
"706","Cebus capucinus","CEBIDAE","PRIMATES","Mangroves","SouthAmerica",30,70,2733,20075,1350,1460,1,0.5,"Polygynandrous (promiscuous)",38.004,81.413,"Omnivore",0.687189494931458,2.17,0.01244047939,NA
"707","Cebus capucinus","CEBIDAE","PRIMATES","TropicalSubtropicalDryBroadleafForests","SouthAmerica",30,70,2733,20075,1350,1460,1,0.5,"Polygynandrous (promiscuous)",38.004,81.413,"Omnivore",0.687189494931458,2.17,0.01244047939,NA
"708","Cebus capucinus","CEBIDAE","PRIMATES","TropicalSubtropicalMoistBroadleafForests","SouthAmerica",30,70,2733,20075,1350,1460,1,0.5,"Polygynandrous (promiscuous)",38.004,81.413,"Omnivore",0.687189494931458,2.17,0.01244047939,NA
"709","Cebus capucinus","CEBIDAE","PRIMATES","DesertsXericShrublands","SouthAmerica",30,70,2733,20075,1350,1460,1,0.5,"Polygynandrous (promiscuous)",38.004,81.413,"Omnivore",0.687189494931458,2.17,0.01244047939,NA
"710","Cebus capucinus","CEBIDAE","PRIMATES","MontaneGrasslandsShrublands","SouthAmerica",30,70,2733,20075,1350,1460,1,0.5,"Polygynandrous (promiscuous)",38.004,81.413,"Omnivore",0.687189494931458,2.17,0.01244047939,NA
"711","Didelphis aurita","DIDELPHIDAE","DIDELPHIMORPHIA","TropicalSubtropicalMoistBroadleafForests","SouthAmerica",80,20,1164,2555,95.955,192,6.2,2,"Polygynandrous (promiscuous)",5.792,18.721,"Omnivore",0.0134289101785714,0.0952,0.00119369,NA
"712","Didelphis aurita","DIDELPHIDAE","DIDELPHIMORPHIA","TropicalSubtropicalDryBroadleafForests","SouthAmerica",80,20,1164,2555,95.955,192,6.2,2,"Polygynandrous (promiscuous)",5.792,18.721,"Omnivore",0.0134289101785714,0.0952,0.00119369,NA
"713","Didelphis aurita","DIDELPHIDAE","DIDELPHIMORPHIA","TropicalSubtropicalGrasslands,SavannasShrublands","SouthAmerica",80,20,1164,2555,95.955,192,6.2,2,"Polygynandrous (promiscuous)",5.792,18.721,"Omnivore",0.0134289101785714,0.0952,0.00119369,NA
"714","Didelphis aurita","DIDELPHIDAE","DIDELPHIMORPHIA","Mangroves","SouthAmerica",80,20,1164,2555,95.955,192,6.2,2,"Polygynandrous (promiscuous)",5.792,18.721,"Omnivore",0.0134289101785714,0.0952,0.00119369,NA
"715","Connochaetes taurinus","BOVIDAE","ARTIODACTYLA","FloodedGrasslandsSavannas","Africa",0,100,179999,9015.5,51125.665,730,1,1,"Polygynous
Polygynandrous (promiscuous)",2.137,3.1,"Herbivore",948.433333333333,1041.6,861.9,"Herbivore"
"716","Connochaetes taurinus","BOVIDAE","ARTIODACTYLA","TropicalSubtropicalGrasslands,SavannasShrublands","Africa",0,100,179999,9015.5,51125.665,730,1,1,"Polygynous
Polygynandrous (promiscuous)",2.137,3.1,"Herbivore",948.433333333333,1041.6,861.9,"Herbivore"
"717","Connochaetes taurinus","BOVIDAE","ARTIODACTYLA","TropicalSubtropicalMoistBroadleafForests","Africa",0,100,179999,9015.5,51125.665,730,1,1,"Polygynous
Polygynandrous (promiscuous)",2.137,3.1,"Herbivore",948.433333333333,1041.6,861.9,"Herbivore"
"718","Connochaetes taurinus","BOVIDAE","ARTIODACTYLA","MontaneGrasslandsShrublands","Africa",0,100,179999,9015.5,51125.665,730,1,1,"Polygynous
Polygynandrous (promiscuous)",2.137,3.1,"Herbivore",948.433333333333,1041.6,861.9,"Herbivore"
"719","Connochaetes taurinus","BOVIDAE","ARTIODACTYLA","DesertsXericShrublands","Africa",0,100,179999,9015.5,51125.665,730,1,1,"Polygynous
Polygynandrous (promiscuous)",2.137,3.1,"Herbivore",948.433333333333,1041.6,861.9,"Herbivore"
"720","Connochaetes taurinus","BOVIDAE","ARTIODACTYLA","Mangroves","Africa",0,100,179999,9015.5,51125.665,730,1,1,"Polygynous
Polygynandrous (promiscuous)",2.137,3.1,"Herbivore",948.433333333333,1041.6,861.9,"Herbivore"
"721","Connochaetes taurinus","BOVIDAE","ARTIODACTYLA","TropicalSubtropicalDryBroadleafForests","Africa",0,100,179999,9015.5,51125.665,730,1,1,"Polygynous
Polygynandrous (promiscuous)",2.137,3.1,"Herbivore",948.433333333333,1041.6,861.9,"Herbivore"
"722","Mustela erminea","MUSTELIDAE","CARNIVORA","TemperateBroadleafMixedForests","Asia",100,0,119.4,4562.5,26.57,147.765,6.755,1,"Polygynandrous (promiscuous)",11.394,68.405,"Carnivore",0.89408203125,7.335,0.0064,"Carnivore"
"723","Mustela erminea","MUSTELIDAE","CARNIVORA","TemperateConiferForests","Asia",100,0,119.4,4562.5,26.57,147.765,6.755,1,"Polygynandrous (promiscuous)",11.394,68.405,"Carnivore",0.89408203125,7.335,0.0064,"Carnivore"
"724","Mustela erminea","MUSTELIDAE","CARNIVORA","TemperateConiferForests","NorthAmerica",100,0,119.4,4562.5,26.57,147.765,6.755,1,"Polygynandrous (promiscuous)",11.394,68.405,"Carnivore",0.89408203125,7.335,0.0064,"Carnivore"
"725","Mustela erminea","MUSTELIDAE","CARNIVORA","TemperateBroadleafMixedForests","Europe",100,0,119.4,4562.5,26.57,147.765,6.755,1,"Polygynandrous (promiscuous)",11.394,68.405,"Carnivore",0.89408203125,7.335,0.0064,"Carnivore"
"726","Mustela erminea","MUSTELIDAE","CARNIVORA","DesertsXericShrublands","Asia",100,0,119.4,4562.5,26.57,147.765,6.755,1,"Polygynandrous (promiscuous)",11.394,68.405,"Carnivore",0.89408203125,7.335,0.0064,"Carnivore"
"727","Mustela erminea","MUSTELIDAE","CARNIVORA","MontaneGrasslandsShrublands","Asia",100,0,119.4,4562.5,26.57,147.765,6.755,1,"Polygynandrous (promiscuous)",11.394,68.405,"Carnivore",0.89408203125,7.335,0.0064,"Carnivore"
"728","Mustela erminea","MUSTELIDAE","CARNIVORA","TemperateGrasslands,SavannasShrublands","Asia",100,0,119.4,4562.5,26.57,147.765,6.755,1,"Polygynandrous (promiscuous)",11.394,68.405,"Carnivore",0.89408203125,7.335,0.0064,"Carnivore"
"729","Mustela erminea","MUSTELIDAE","CARNIVORA","FloodedGrasslandsSavannas","Asia",100,0,119.4,4562.5,26.57,147.765,6.755,1,"Polygynandrous (promiscuous)",11.394,68.405,"Carnivore",0.89408203125,7.335,0.0064,"Carnivore"
"730","Mustela erminea","MUSTELIDAE","CARNIVORA","Tundra","Asia",100,0,119.4,4562.5,26.57,147.765,6.755,1,"Polygynandrous (promiscuous)",11.394,68.405,"Carnivore",0.89408203125,7.335,0.0064,"Carnivore"
"731","Mustela erminea","MUSTELIDAE","CARNIVORA","BorealForestsTaiga","Asia",100,0,119.4,4562.5,26.57,147.765,6.755,1,"Polygynandrous (promiscuous)",11.394,68.405,"Carnivore",0.89408203125,7.335,0.0064,"Carnivore"
"732","Mustela erminea","MUSTELIDAE","CARNIVORA","TropicalSubtropicalConiferousForests","Asia",100,0,119.4,4562.5,26.57,147.765,6.755,1,"Polygynandrous (promiscuous)",11.394,68.405,"Carnivore",0.89408203125,7.335,0.0064,"Carnivore"
"733","Mustela erminea","MUSTELIDAE","CARNIVORA","Tundra","NorthAmerica",100,0,119.4,4562.5,26.57,147.765,6.755,1,"Polygynandrous (promiscuous)",11.394,68.405,"Carnivore",0.89408203125,7.335,0.0064,"Carnivore"
"734","Mustela erminea","MUSTELIDAE","CARNIVORA","BorealForestsTaiga","NorthAmerica",100,0,119.4,4562.5,26.57,147.765,6.755,1,"Polygynandrous (promiscuous)",11.394,68.405,"Carnivore",0.89408203125,7.335,0.0064,"Carnivore"
"735","Mustela erminea","MUSTELIDAE","CARNIVORA","TemperateBroadleafMixedForests","NorthAmerica",100,0,119.4,4562.5,26.57,147.765,6.755,1,"Polygynandrous (promiscuous)",11.394,68.405,"Carnivore",0.89408203125,7.335,0.0064,"Carnivore"
"736","Mustela erminea","MUSTELIDAE","CARNIVORA","TemperateGrasslands,SavannasShrublands","NorthAmerica",100,0,119.4,4562.5,26.57,147.765,6.755,1,"Polygynandrous (promiscuous)",11.394,68.405,"Carnivore",0.89408203125,7.335,0.0064,"Carnivore"
"737","Mustela erminea","MUSTELIDAE","CARNIVORA","MediterraneanForests,WoodlandsScrub","NorthAmerica",100,0,119.4,4562.5,26.57,147.765,6.755,1,"Polygynandrous (promiscuous)",11.394,68.405,"Carnivore",0.89408203125,7.335,0.0064,"Carnivore"
"738","Mustela erminea","MUSTELIDAE","CARNIVORA","DesertsXericShrublands","NorthAmerica",100,0,119.4,4562.5,26.57,147.765,6.755,1,"Polygynandrous (promiscuous)",11.394,68.405,"Carnivore",0.89408203125,7.335,0.0064,"Carnivore"
"739","Mustela erminea","MUSTELIDAE","CARNIVORA","TemperateConiferForests","Europe",100,0,119.4,4562.5,26.57,147.765,6.755,1,"Polygynandrous (promiscuous)",11.394,68.405,"Carnivore",0.89408203125,7.335,0.0064,"Carnivore"
"740","Mustela erminea","MUSTELIDAE","CARNIVORA","DesertsXericShrublands","Europe",100,0,119.4,4562.5,26.57,147.765,6.755,1,"Polygynandrous (promiscuous)",11.394,68.405,"Carnivore",0.89408203125,7.335,0.0064,"Carnivore"
"741","Mustela erminea","MUSTELIDAE","CARNIVORA","MediterraneanForests,WoodlandsScrub","Europe",100,0,119.4,4562.5,26.57,147.765,6.755,1,"Polygynandrous (promiscuous)",11.394,68.405,"Carnivore",0.89408203125,7.335,0.0064,"Carnivore"
"742","Mustela erminea","MUSTELIDAE","CARNIVORA","TemperateGrasslands,SavannasShrublands","Europe",100,0,119.4,4562.5,26.57,147.765,6.755,1,"Polygynandrous (promiscuous)",11.394,68.405,"Carnivore",0.89408203125,7.335,0.0064,"Carnivore"
"743","Mustela erminea","MUSTELIDAE","CARNIVORA","Tundra","Europe",100,0,119.4,4562.5,26.57,147.765,6.755,1,"Polygynandrous (promiscuous)",11.394,68.405,"Carnivore",0.89408203125,7.335,0.0064,"Carnivore"
"744","Mustela erminea","MUSTELIDAE","CARNIVORA","BorealForestsTaiga","Europe",100,0,119.4,4562.5,26.57,147.765,6.755,1,"Polygynandrous (promiscuous)",11.394,68.405,"Carnivore",0.89408203125,7.335,0.0064,"Carnivore"
"745","Mustela erminea","MUSTELIDAE","CARNIVORA","TemperateGrasslands,SavannasShrublands","Oceania",100,0,119.4,4562.5,26.57,147.765,6.755,1,"Polygynandrous (promiscuous)",11.394,68.405,"Carnivore",0.89408203125,7.335,0.0064,"Carnivore"
"746","Mustela erminea","MUSTELIDAE","CARNIVORA","TemperateBroadleafMixedForests","Oceania",100,0,119.4,4562.5,26.57,147.765,6.755,1,"Polygynandrous (promiscuous)",11.394,68.405,"Carnivore",0.89408203125,7.335,0.0064,"Carnivore"
"747","Mustela erminea","MUSTELIDAE","CARNIVORA","MontaneGrasslandsShrublands","Oceania",100,0,119.4,4562.5,26.57,147.765,6.755,1,"Polygynandrous (promiscuous)",11.394,68.405,"Carnivore",0.89408203125,7.335,0.0064,"Carnivore"
"748","Colobus polykomos","CERCOPITHECIDAE","PRIMATES","TropicalSubtropicalMoistBroadleafForests","Africa",0,100,9089.6,12373.5,1240,3102.5,1,0.6,"Polygynous
Polygynandrous (promiscuous)",7.194,17.022,"Herbivore",0.896,1.14,0.715,"Herbivore"
"749","Colobus polykomos","CERCOPITHECIDAE","PRIMATES","TropicalSubtropicalGrasslands,SavannasShrublands","Africa",0,100,9089.6,12373.5,1240,3102.5,1,0.6,"Polygynous
Polygynandrous (promiscuous)",7.194,17.022,"Herbivore",0.896,1.14,0.715,"Herbivore"
"750","Colobus polykomos","CERCOPITHECIDAE","PRIMATES","Mangroves","Africa",0,100,9089.6,12373.5,1240,3102.5,1,0.6,"Polygynous
Polygynandrous (promiscuous)",7.194,17.022,"Herbivore",0.896,1.14,0.715,"Herbivore"
"751","Bison bison","BOVIDAE","ARTIODACTYLA","TemperateConiferForests","NorthAmerica",0,100,579255.3,12227.5,158000,1095,1,1,"Polygynous",0.486,2.916,"Herbivore",513.614789473684,1441.9,0.522,"Herbivore"
"752","Bison bison","BOVIDAE","ARTIODACTYLA","Tundra","NorthAmerica",0,100,579255.3,12227.5,158000,1095,1,1,"Polygynous",0.486,2.916,"Herbivore",513.614789473684,1441.9,0.522,"Herbivore"
"753","Bison bison","BOVIDAE","ARTIODACTYLA","BorealForestsTaiga","NorthAmerica",0,100,579255.3,12227.5,158000,1095,1,1,"Polygynous",0.486,2.916,"Herbivore",513.614789473684,1441.9,0.522,"Herbivore"
"754","Bison bison","BOVIDAE","ARTIODACTYLA","DesertsXericShrublands","NorthAmerica",0,100,579255.3,12227.5,158000,1095,1,1,"Polygynous",0.486,2.916,"Herbivore",513.614789473684,1441.9,0.522,"Herbivore"
"755","Bison bison","BOVIDAE","ARTIODACTYLA","TemperateGrasslands,SavannasShrublands","NorthAmerica",0,100,579255.3,12227.5,158000,1095,1,1,"Polygynous",0.486,2.916,"Herbivore",513.614789473684,1441.9,0.522,"Herbivore"
"756","Leontopithecus chrysomelas","CALLITRICHIDAE","PRIMATES","TropicalSubtropicalMoistBroadleafForests","SouthAmerica",50,50,700,11534,165,786.499,1.95,1.75,"Monogamous",26.2,81.867,"Omnivore",0.882511764705882,1.97,0.14,NA
"757","Leontopithecus chrysomelas","CALLITRICHIDAE","PRIMATES","Mangroves","SouthAmerica",50,50,700,11534,165,786.499,1.95,1.75,"Monogamous",26.2,81.867,"Omnivore",0.882511764705882,1.97,0.14,NA
"758","Gorilla gorilla","HOMINIDAE","PRIMATES","TropicalSubtropicalMoistBroadleafForests","Africa",0,100,120950,20221,12595,3650,1.005,0.3,"Polygynous",1.213,1.876,"Herbivore",13.1988888888889,24.414,2.97,"Herbivore"
"759","Gorilla gorilla","HOMINIDAE","PRIMATES","Mangroves","Africa",0,100,120950,20221,12595,3650,1.005,0.3,"Polygynous",1.213,1.876,"Herbivore",13.1988888888889,24.414,2.97,"Herbivore"
"760","Gorilla gorilla","HOMINIDAE","PRIMATES","TropicalSubtropicalGrasslands,SavannasShrublands","Africa",0,100,120950,20221,12595,3650,1.005,0.3,"Polygynous",1.213,1.876,"Herbivore",13.1988888888889,24.414,2.97,"Herbivore"
"761","Alouatta palliata","ATELIDAE","PRIMATES","TropicalSubtropicalMoistBroadleafForests","NorthAmerica",0,100,7275,9125,1100,1382.13,1,0.6,"Polygynous",86.421,161.567,"Herbivore",0.36994347826087,1.08,0.05,"Herbivore"
"762","Alouatta palliata","ATELIDAE","PRIMATES","TropicalSubtropicalDryBroadleafForests","NorthAmerica",0,100,7275,9125,1100,1382.13,1,0.6,"Polygynous",86.421,161.567,"Herbivore",0.36994347826087,1.08,0.05,"Herbivore"
"763","Alouatta palliata","ATELIDAE","PRIMATES","TropicalSubtropicalConiferousForests","NorthAmerica",0,100,7275,9125,1100,1382.13,1,0.6,"Polygynous",86.421,161.567,"Herbivore",0.36994347826087,1.08,0.05,"Herbivore"
"764","Alouatta palliata","ATELIDAE","PRIMATES","Mangroves","NorthAmerica",0,100,7275,9125,1100,1382.13,1,0.6,"Polygynous",86.421,161.567,"Herbivore",0.36994347826087,1.08,0.05,"Herbivore"
"765","Alouatta palliata","ATELIDAE","PRIMATES","TropicalSubtropicalGrasslands,SavannasShrublands","NorthAmerica",0,100,7275,9125,1100,1382.13,1,0.6,"Polygynous",86.421,161.567,"Herbivore",0.36994347826087,1.08,0.05,"Herbivore"
"766","Alouatta palliata","ATELIDAE","PRIMATES","DesertsXericShrublands","NorthAmerica",0,100,7275,9125,1100,1382.13,1,0.6,"Polygynous",86.421,161.567,"Herbivore",0.36994347826087,1.08,0.05,"Herbivore"
"767","Alouatta palliata","ATELIDAE","PRIMATES","Mangroves","SouthAmerica",0,100,7275,9125,1100,1382.13,1,0.6,"Polygynous",86.421,161.567,"Herbivore",0.36994347826087,1.08,0.05,"Herbivore"
"768","Alouatta palliata","ATELIDAE","PRIMATES","TropicalSubtropicalDryBroadleafForests","SouthAmerica",0,100,7275,9125,1100,1382.13,1,0.6,"Polygynous",86.421,161.567,"Herbivore",0.36994347826087,1.08,0.05,"Herbivore"
"769","Alouatta palliata","ATELIDAE","PRIMATES","TropicalSubtropicalMoistBroadleafForests","SouthAmerica",0,100,7275,9125,1100,1382.13,1,0.6,"Polygynous",86.421,161.567,"Herbivore",0.36994347826087,1.08,0.05,"Herbivore"
"770","Alouatta palliata","ATELIDAE","PRIMATES","DesertsXericShrublands","SouthAmerica",0,100,7275,9125,1100,1382.13,1,0.6,"Polygynous",86.421,161.567,"Herbivore",0.36994347826087,1.08,0.05,"Herbivore"
"771","Alouatta palliata","ATELIDAE","PRIMATES","FloodedGrasslandsSavannas","SouthAmerica",0,100,7275,9125,1100,1382.13,1,0.6,"Polygynous",86.421,161.567,"Herbivore",0.36994347826087,1.08,0.05,"Herbivore"
"772","Alouatta palliata","ATELIDAE","PRIMATES","MontaneGrasslandsShrublands","SouthAmerica",0,100,7275,9125,1100,1382.13,1,0.6,"Polygynous",86.421,161.567,"Herbivore",0.36994347826087,1.08,0.05,"Herbivore"
"773","Loris lydekkerianus","LORISIDAE","PRIMATES","TropicalSubtropicalMoistBroadleafForests","Asia",100,0,235,7044.5,139,547.612,1.37,1.5,"Polygynandrous (promiscuous)",91.641,190.969,"Omnivore",0.0196818181818182,0.0375,0.0087,"Carnivore"
"774","Loris lydekkerianus","LORISIDAE","PRIMATES","DesertsXericShrublands","Asia",100,0,235,7044.5,139,547.612,1.37,1.5,"Polygynandrous (promiscuous)",91.641,190.969,"Omnivore",0.0196818181818182,0.0375,0.0087,"Carnivore"
"775","Loris lydekkerianus","LORISIDAE","PRIMATES","TropicalSubtropicalDryBroadleafForests","Asia",100,0,235,7044.5,139,547.612,1.37,1.5,"Polygynandrous (promiscuous)",91.641,190.969,"Omnivore",0.0196818181818182,0.0375,0.0087,"Carnivore"
"776","Tupaia glis","TUPAIIDAE","SCANDENTIA","TropicalSubtropicalMoistBroadleafForests","Asia",90,10,169.8,4532.083,100,203.75,2.22,2.5,"Monogamous
Polygynous",64.616,158.076,"Omnivore",0.0166794311764706,0.0349114,0.007255,"Carnivore"
"777","Tupaia glis","TUPAIIDAE","SCANDENTIA","Mangroves","Asia",90,10,169.8,4532.083,100,203.75,2.22,2.5,"Monogamous
Polygynous",64.616,158.076,"Omnivore",0.0166794311764706,0.0349114,0.007255,"Carnivore"
"778","Lepus arcticus","LEPORIDAE","LAGOMORPHA","Tundra","NorthAmerica",30,70,4405,6570,491.995,429.56,3.96,2.07,"Polygynandrous (promiscuous)",4.134,24.816,"Omnivore",0.886764705882353,2.9,0.098,NA
"779","Lepus arcticus","LEPORIDAE","LAGOMORPHA","BorealForestsTaiga","NorthAmerica",30,70,4405,6570,491.995,429.56,3.96,2.07,"Polygynandrous (promiscuous)",4.134,24.816,"Omnivore",0.886764705882353,2.9,0.098,NA
"780","Gorilla beringei","HOMINIDAE","PRIMATES","TropicalSubtropicalMoistBroadleafForests","Africa",0,100,130000,20221,12595,3348.06,1,0.3,"Polygynous",5.229,8,"Herbivore",10.5838828557329,42.92979143,0.6,"Herbivore"
"781","Gorilla beringei","HOMINIDAE","PRIMATES","TropicalSubtropicalGrasslands,SavannasShrublands","Africa",0,100,130000,20221,12595,3348.06,1,0.3,"Polygynous",5.229,8,"Herbivore",10.5838828557329,42.92979143,0.6,"Herbivore"
"782","Gorilla beringei","HOMINIDAE","PRIMATES","MontaneGrasslandsShrublands","Africa",0,100,130000,20221,12595,3348.06,1,0.3,"Polygynous",5.229,8,"Herbivore",10.5838828557329,42.92979143,0.6,"Herbivore"
"783","Cervus elaphus","CERVIDAE","ARTIODACTYLA","MediterraneanForests,WoodlandsScrub","Europe",0,100,131250,11497.5,46900,993.71,1.035,0.905,"Polygynous",3.48,5.661,"Herbivore",6.09353544814832,159.8553,0.08,"Herbivore"
"784","Cervus elaphus","CERVIDAE","ARTIODACTYLA","TemperateConiferForests","Africa",0,100,131250,11497.5,46900,993.71,1.035,0.905,"Polygynous",3.48,5.661,"Herbivore",6.09353544814832,159.8553,0.08,"Herbivore"
"785","Cervus elaphus","CERVIDAE","ARTIODACTYLA","MontaneGrasslandsShrublands","Africa",0,100,131250,11497.5,46900,993.71,1.035,0.905,"Polygynous",3.48,5.661,"Herbivore",6.09353544814832,159.8553,0.08,"Herbivore"
"786","Cervus elaphus","CERVIDAE","ARTIODACTYLA","MediterraneanForests,WoodlandsScrub","Africa",0,100,131250,11497.5,46900,993.71,1.035,0.905,"Polygynous",3.48,5.661,"Herbivore",6.09353544814832,159.8553,0.08,"Herbivore"
"787","Cervus elaphus","CERVIDAE","ARTIODACTYLA","MediterraneanForests,WoodlandsScrub","Asia",0,100,131250,11497.5,46900,993.71,1.035,0.905,"Polygynous",3.48,5.661,"Herbivore",6.09353544814832,159.8553,0.08,"Herbivore"
"788","Cervus elaphus","CERVIDAE","ARTIODACTYLA","DesertsXericShrublands","Asia",0,100,131250,11497.5,46900,993.71,1.035,0.905,"Polygynous",3.48,5.661,"Herbivore",6.09353544814832,159.8553,0.08,"Herbivore"
"789","Cervus elaphus","CERVIDAE","ARTIODACTYLA","TemperateBroadleafMixedForests","Asia",0,100,131250,11497.5,46900,993.71,1.035,0.905,"Polygynous",3.48,5.661,"Herbivore",6.09353544814832,159.8553,0.08,"Herbivore"
"790","Cervus elaphus","CERVIDAE","ARTIODACTYLA","TemperateGrasslands,SavannasShrublands","Asia",0,100,131250,11497.5,46900,993.71,1.035,0.905,"Polygynous",3.48,5.661,"Herbivore",6.09353544814832,159.8553,0.08,"Herbivore"
"791","Cervus elaphus","CERVIDAE","ARTIODACTYLA","TemperateConiferForests","Asia",0,100,131250,11497.5,46900,993.71,1.035,0.905,"Polygynous",3.48,5.661,"Herbivore",6.09353544814832,159.8553,0.08,"Herbivore"
"792","Cervus elaphus","CERVIDAE","ARTIODACTYLA","TemperateConiferForests","Europe",0,100,131250,11497.5,46900,993.71,1.035,0.905,"Polygynous",3.48,5.661,"Herbivore",6.09353544814832,159.8553,0.08,"Herbivore"
"793","Cervus elaphus","CERVIDAE","ARTIODACTYLA","TemperateBroadleafMixedForests","Europe",0,100,131250,11497.5,46900,993.71,1.035,0.905,"Polygynous",3.48,5.661,"Herbivore",6.09353544814832,159.8553,0.08,"Herbivore"
"794","Cervus elaphus","CERVIDAE","ARTIODACTYLA","TemperateGrasslands,SavannasShrublands","Europe",0,100,131250,11497.5,46900,993.71,1.035,0.905,"Polygynous",3.48,5.661,"Herbivore",6.09353544814832,159.8553,0.08,"Herbivore"
"795","Cervus elaphus","CERVIDAE","ARTIODACTYLA","BorealForestsTaiga","Europe",0,100,131250,11497.5,46900,993.71,1.035,0.905,"Polygynous",3.48,5.661,"Herbivore",6.09353544814832,159.8553,0.08,"Herbivore"
"796","Cervus elaphus","CERVIDAE","ARTIODACTYLA","Tundra","Europe",0,100,131250,11497.5,46900,993.71,1.035,0.905,"Polygynous",3.48,5.661,"Herbivore",6.09353544814832,159.8553,0.08,"Herbivore"
"797","Lepus americanus","LEPORIDAE","LAGOMORPHA","Tundra","NorthAmerica",0,100,1710,2920,401.45,365,3.41,2.55,"Polygynandrous (promiscuous)",53.916,115.242,"Herbivore",0.093373683514764,1.12,0.0041,"Herbivore"
"798","Lepus americanus","LEPORIDAE","LAGOMORPHA","BorealForestsTaiga","NorthAmerica",0,100,1710,2920,401.45,365,3.41,2.55,"Polygynandrous (promiscuous)",53.916,115.242,"Herbivore",0.093373683514764,1.12,0.0041,"Herbivore"
"799","Lepus americanus","LEPORIDAE","LAGOMORPHA","TemperateConiferForests","NorthAmerica",0,100,1710,2920,401.45,365,3.41,2.55,"Polygynandrous (promiscuous)",53.916,115.242,"Herbivore",0.093373683514764,1.12,0.0041,"Herbivore"
"800","Lepus americanus","LEPORIDAE","LAGOMORPHA","TemperateBroadleafMixedForests","NorthAmerica",0,100,1710,2920,401.45,365,3.41,2.55,"Polygynandrous (promiscuous)",53.916,115.242,"Herbivore",0.093373683514764,1.12,0.0041,"Herbivore"
"801","Lepus americanus","LEPORIDAE","LAGOMORPHA","TemperateGrasslands,SavannasShrublands","NorthAmerica",0,100,1710,2920,401.45,365,3.41,2.55,"Polygynandrous (promiscuous)",53.916,115.242,"Herbivore",0.093373683514764,1.12,0.0041,"Herbivore"
"802","Lepus americanus","LEPORIDAE","LAGOMORPHA","MediterraneanForests,WoodlandsScrub","NorthAmerica",0,100,1710,2920,401.45,365,3.41,2.55,"Polygynandrous (promiscuous)",53.916,115.242,"Herbivore",0.093373683514764,1.12,0.0041,"Herbivore"
"803","Lepus americanus","LEPORIDAE","LAGOMORPHA","DesertsXericShrublands","NorthAmerica",0,100,1710,2920,401.45,365,3.41,2.55,"Polygynandrous (promiscuous)",53.916,115.242,"Herbivore",0.093373683514764,1.12,0.0041,"Herbivore"
"804","Procyon lotor","PROCYONIDAE","CARNIVORA","TropicalSubtropicalDryBroadleafForests","NorthAmerica",71,29,6550,7665,1175,625.28,3.39,1,"Polygynandrous (promiscuous)",10.722,18.725,"Omnivore",3.22642859676947,60.51,0.014,NA
"805","Procyon lotor","PROCYONIDAE","CARNIVORA","TemperateConiferForests","NorthAmerica",71,29,6550,7665,1175,625.28,3.39,1,"Polygynandrous (promiscuous)",10.722,18.725,"Omnivore",3.22642859676947,60.51,0.014,NA
"806","Procyon lotor","PROCYONIDAE","CARNIVORA","TemperateBroadleafMixedForests","NorthAmerica",71,29,6550,7665,1175,625.28,3.39,1,"Polygynandrous (promiscuous)",10.722,18.725,"Omnivore",3.22642859676947,60.51,0.014,NA
"807","Procyon lotor","PROCYONIDAE","CARNIVORA","Mangroves","NorthAmerica",71,29,6550,7665,1175,625.28,3.39,1,"Polygynandrous (promiscuous)",10.722,18.725,"Omnivore",3.22642859676947,60.51,0.014,NA
"808","Procyon lotor","PROCYONIDAE","CARNIVORA","DesertsXericShrublands","NorthAmerica",71,29,6550,7665,1175,625.28,3.39,1,"Polygynandrous (promiscuous)",10.722,18.725,"Omnivore",3.22642859676947,60.51,0.014,NA
"809","Procyon lotor","PROCYONIDAE","CARNIVORA","TropicalSubtropicalGrasslands,SavannasShrublands","NorthAmerica",71,29,6550,7665,1175,625.28,3.39,1,"Polygynandrous (promiscuous)",10.722,18.725,"Omnivore",3.22642859676947,60.51,0.014,NA
"810","Procyon lotor","PROCYONIDAE","CARNIVORA","TemperateGrasslands,SavannasShrublands","NorthAmerica",71,29,6550,7665,1175,625.28,3.39,1,"Polygynandrous (promiscuous)",10.722,18.725,"Omnivore",3.22642859676947,60.51,0.014,NA
"811","Procyon lotor","PROCYONIDAE","CARNIVORA","MediterraneanForests,WoodlandsScrub","NorthAmerica",71,29,6550,7665,1175,625.28,3.39,1,"Polygynandrous (promiscuous)",10.722,18.725,"Omnivore",3.22642859676947,60.51,0.014,NA
"812","Procyon lotor","PROCYONIDAE","CARNIVORA","TropicalSubtropicalMoistBroadleafForests","NorthAmerica",71,29,6550,7665,1175,625.28,3.39,1,"Polygynandrous (promiscuous)",10.722,18.725,"Omnivore",3.22642859676947,60.51,0.014,NA
"813","Procyon lotor","PROCYONIDAE","CARNIVORA","TropicalSubtropicalConiferousForests","NorthAmerica",71,29,6550,7665,1175,625.28,3.39,1,"Polygynandrous (promiscuous)",10.722,18.725,"Omnivore",3.22642859676947,60.51,0.014,NA
"814","Procyon lotor","PROCYONIDAE","CARNIVORA","BorealForestsTaiga","NorthAmerica",71,29,6550,7665,1175,625.28,3.39,1,"Polygynandrous (promiscuous)",10.722,18.725,"Omnivore",3.22642859676947,60.51,0.014,NA
"815","Procyon lotor","PROCYONIDAE","CARNIVORA","FloodedGrasslandsSavannas","NorthAmerica",71,29,6550,7665,1175,625.28,3.39,1,"Polygynandrous (promiscuous)",10.722,18.725,"Omnivore",3.22642859676947,60.51,0.014,NA
"816","Callithrix kuhlii","CALLITRICHIDAE","PRIMATES","TropicalSubtropicalMoistBroadleafForests","SouthAmerica",30,70,342,8318.958,96.8,621,2,2,"Polyandrous
Cooperative breeder",59.197,185.123,"Omnivore",0.436333333333333,0.583,0.337,NA
"817","Callithrix kuhlii","CALLITRICHIDAE","PRIMATES","TropicalSubtropicalDryBroadleafForests","SouthAmerica",30,70,342,8318.958,96.8,621,2,2,"Polyandrous
Cooperative breeder",59.197,185.123,"Omnivore",0.436333333333333,0.583,0.337,NA
"818","Callithrix kuhlii","CALLITRICHIDAE","PRIMATES","Mangroves","SouthAmerica",30,70,342,8318.958,96.8,621,2,2,"Polyandrous
Cooperative breeder",59.197,185.123,"Omnivore",0.436333333333333,0.583,0.337,NA
"819","Lynx rufus","FELIDAE","CARNIVORA","TemperateConiferForests","NorthAmerica",100,0,8904.1,11801.667,1860,547.5,2.53,1,"Polygynandrous (promiscuous)",0.2,0.388,"Carnivore",23.1898305694145,478.8,0.76,"Carnivore"
"820","Lynx rufus","FELIDAE","CARNIVORA","TemperateBroadleafMixedForests","NorthAmerica",100,0,8904.1,11801.667,1860,547.5,2.53,1,"Polygynandrous (promiscuous)",0.2,0.388,"Carnivore",23.1898305694145,478.8,0.76,"Carnivore"
"821","Lynx rufus","FELIDAE","CARNIVORA","Mangroves","NorthAmerica",100,0,8904.1,11801.667,1860,547.5,2.53,1,"Polygynandrous (promiscuous)",0.2,0.388,"Carnivore",23.1898305694145,478.8,0.76,"Carnivore"
"822","Lynx rufus","FELIDAE","CARNIVORA","DesertsXericShrublands","NorthAmerica",100,0,8904.1,11801.667,1860,547.5,2.53,1,"Polygynandrous (promiscuous)",0.2,0.388,"Carnivore",23.1898305694145,478.8,0.76,"Carnivore"
"823","Lynx rufus","FELIDAE","CARNIVORA","TropicalSubtropicalDryBroadleafForests","NorthAmerica",100,0,8904.1,11801.667,1860,547.5,2.53,1,"Polygynandrous (promiscuous)",0.2,0.388,"Carnivore",23.1898305694145,478.8,0.76,"Carnivore"
"824","Lynx rufus","FELIDAE","CARNIVORA","TemperateGrasslands,SavannasShrublands","NorthAmerica",100,0,8904.1,11801.667,1860,547.5,2.53,1,"Polygynandrous (promiscuous)",0.2,0.388,"Carnivore",23.1898305694145,478.8,0.76,"Carnivore"
"825","Lynx rufus","FELIDAE","CARNIVORA","MediterraneanForests,WoodlandsScrub","NorthAmerica",100,0,8904.1,11801.667,1860,547.5,2.53,1,"Polygynandrous (promiscuous)",0.2,0.388,"Carnivore",23.1898305694145,478.8,0.76,"Carnivore"
"826","Lynx rufus","FELIDAE","CARNIVORA","BorealForestsTaiga","NorthAmerica",100,0,8904.1,11801.667,1860,547.5,2.53,1,"Polygynandrous (promiscuous)",0.2,0.388,"Carnivore",23.1898305694145,478.8,0.76,"Carnivore"
"827","Lynx rufus","FELIDAE","CARNIVORA","FloodedGrasslandsSavannas","NorthAmerica",100,0,8904.1,11801.667,1860,547.5,2.53,1,"Polygynandrous (promiscuous)",0.2,0.388,"Carnivore",23.1898305694145,478.8,0.76,"Carnivore"
"828","Lynx rufus","FELIDAE","CARNIVORA","TropicalSubtropicalMoistBroadleafForests","NorthAmerica",100,0,8904.1,11801.667,1860,547.5,2.53,1,"Polygynandrous (promiscuous)",0.2,0.388,"Carnivore",23.1898305694145,478.8,0.76,"Carnivore"
"829","Lynx rufus","FELIDAE","CARNIVORA","TropicalSubtropicalConiferousForests","NorthAmerica",100,0,8904.1,11801.667,1860,547.5,2.53,1,"Polygynandrous (promiscuous)",0.2,0.388,"Carnivore",23.1898305694145,478.8,0.76,"Carnivore"
"830","Lynx rufus","FELIDAE","CARNIVORA","TropicalSubtropicalGrasslands,SavannasShrublands","NorthAmerica",100,0,8904.1,11801.667,1860,547.5,2.53,1,"Polygynandrous (promiscuous)",0.2,0.388,"Carnivore",23.1898305694145,478.8,0.76,"Carnivore"
"831","Leontopithecus rosalia","CALLITRICHIDAE","PRIMATES","TropicalSubtropicalMoistBroadleafForests","SouthAmerica",50,50,535.5,11534,165,868.7,1.95,1.75,"Monogamous
Cooperative breeder",18.581,35.662,"Omnivore",0.510934849365517,0.9622,0.213,NA
"832","Didelphis marsupialis","DIDELPHIDAE","DIDELPHIMORPHIA","TropicalSubtropicalMoistBroadleafForests","NorthAmerica",80,20,1091.2,2555,95.955,182.5,6.2,2,"Polygynous",8.923,19.907,"Omnivore",0.362791176470588,1.65,0.0109,NA
"833","Didelphis marsupialis","DIDELPHIDAE","DIDELPHIMORPHIA","TropicalSubtropicalDryBroadleafForests","NorthAmerica",80,20,1091.2,2555,95.955,182.5,6.2,2,"Polygynous",8.923,19.907,"Omnivore",0.362791176470588,1.65,0.0109,NA
"834","Didelphis marsupialis","DIDELPHIDAE","DIDELPHIMORPHIA","TropicalSubtropicalGrasslands,SavannasShrublands","NorthAmerica",80,20,1091.2,2555,95.955,182.5,6.2,2,"Polygynous",8.923,19.907,"Omnivore",0.362791176470588,1.65,0.0109,NA
"835","Didelphis marsupialis","DIDELPHIDAE","DIDELPHIMORPHIA","TropicalSubtropicalConiferousForests","NorthAmerica",80,20,1091.2,2555,95.955,182.5,6.2,2,"Polygynous",8.923,19.907,"Omnivore",0.362791176470588,1.65,0.0109,NA
"836","Didelphis marsupialis","DIDELPHIDAE","DIDELPHIMORPHIA","DesertsXericShrublands","NorthAmerica",80,20,1091.2,2555,95.955,182.5,6.2,2,"Polygynous",8.923,19.907,"Omnivore",0.362791176470588,1.65,0.0109,NA
"837","Didelphis marsupialis","DIDELPHIDAE","DIDELPHIMORPHIA","Mangroves","NorthAmerica",80,20,1091.2,2555,95.955,182.5,6.2,2,"Polygynous",8.923,19.907,"Omnivore",0.362791176470588,1.65,0.0109,NA
"838","Didelphis marsupialis","DIDELPHIDAE","DIDELPHIMORPHIA","Mangroves","SouthAmerica",80,20,1091.2,2555,95.955,182.5,6.2,2,"Polygynous",8.923,19.907,"Omnivore",0.362791176470588,1.65,0.0109,NA
"839","Didelphis marsupialis","DIDELPHIDAE","DIDELPHIMORPHIA","TropicalSubtropicalDryBroadleafForests","SouthAmerica",80,20,1091.2,2555,95.955,182.5,6.2,2,"Polygynous",8.923,19.907,"Omnivore",0.362791176470588,1.65,0.0109,NA
"840","Didelphis marsupialis","DIDELPHIDAE","DIDELPHIMORPHIA","DesertsXericShrublands","SouthAmerica",80,20,1091.2,2555,95.955,182.5,6.2,2,"Polygynous",8.923,19.907,"Omnivore",0.362791176470588,1.65,0.0109,NA
"841","Didelphis marsupialis","DIDELPHIDAE","DIDELPHIMORPHIA","TropicalSubtropicalGrasslands,SavannasShrublands","SouthAmerica",80,20,1091.2,2555,95.955,182.5,6.2,2,"Polygynous",8.923,19.907,"Omnivore",0.362791176470588,1.65,0.0109,NA
"842","Didelphis marsupialis","DIDELPHIDAE","DIDELPHIMORPHIA","TropicalSubtropicalMoistBroadleafForests","SouthAmerica",80,20,1091.2,2555,95.955,182.5,6.2,2,"Polygynous",8.923,19.907,"Omnivore",0.362791176470588,1.65,0.0109,NA
"843","Didelphis marsupialis","DIDELPHIDAE","DIDELPHIMORPHIA","MontaneGrasslandsShrublands","SouthAmerica",80,20,1091.2,2555,95.955,182.5,6.2,2,"Polygynous",8.923,19.907,"Omnivore",0.362791176470588,1.65,0.0109,NA
"844","Didelphis marsupialis","DIDELPHIDAE","DIDELPHIMORPHIA","FloodedGrasslandsSavannas","SouthAmerica",80,20,1091.2,2555,95.955,182.5,6.2,2,"Polygynous",8.923,19.907,"Omnivore",0.362791176470588,1.65,0.0109,NA
"845","Cryptotis parva","SORICIDAE","EULIPOTYPHLA","TemperateBroadleafMixedForests","NorthAmerica",90,10,5,1277.5,3.85,56.935,4.55,2.5,"Polyandrous
Cooperative breeder",216.345,1298.869,"Carnivore",0.00198292258508356,0.00230666504795435,0.00165918012221278,"Carnivore"
"846","Cryptotis parva","SORICIDAE","EULIPOTYPHLA","TemperateConiferForests","NorthAmerica",90,10,5,1277.5,3.85,56.935,4.55,2.5,"Polyandrous
Cooperative breeder",216.345,1298.869,"Carnivore",0.00198292258508356,0.00230666504795435,0.00165918012221278,"Carnivore"
"847","Cryptotis parva","SORICIDAE","EULIPOTYPHLA","Mangroves","NorthAmerica",90,10,5,1277.5,3.85,56.935,4.55,2.5,"Polyandrous
Cooperative breeder",216.345,1298.869,"Carnivore",0.00198292258508356,0.00230666504795435,0.00165918012221278,"Carnivore"
"848","Cryptotis parva","SORICIDAE","EULIPOTYPHLA","TropicalSubtropicalDryBroadleafForests","NorthAmerica",90,10,5,1277.5,3.85,56.935,4.55,2.5,"Polyandrous
Cooperative breeder",216.345,1298.869,"Carnivore",0.00198292258508356,0.00230666504795435,0.00165918012221278,"Carnivore"
"849","Cryptotis parva","SORICIDAE","EULIPOTYPHLA","TemperateGrasslands,SavannasShrublands","NorthAmerica",90,10,5,1277.5,3.85,56.935,4.55,2.5,"Polyandrous
Cooperative breeder",216.345,1298.869,"Carnivore",0.00198292258508356,0.00230666504795435,0.00165918012221278,"Carnivore"
"850","Cryptotis parva","SORICIDAE","EULIPOTYPHLA","TropicalSubtropicalConiferousForests","NorthAmerica",90,10,5,1277.5,3.85,56.935,4.55,2.5,"Polyandrous
Cooperative breeder",216.345,1298.869,"Carnivore",0.00198292258508356,0.00230666504795435,0.00165918012221278,"Carnivore"
"851","Cryptotis parva","SORICIDAE","EULIPOTYPHLA","DesertsXericShrublands","NorthAmerica",90,10,5,1277.5,3.85,56.935,4.55,2.5,"Polyandrous
Cooperative breeder",216.345,1298.869,"Carnivore",0.00198292258508356,0.00230666504795435,0.00165918012221278,"Carnivore"
"852","Cryptotis parva","SORICIDAE","EULIPOTYPHLA","TropicalSubtropicalMoistBroadleafForests","NorthAmerica",90,10,5,1277.5,3.85,56.935,4.55,2.5,"Polyandrous
Cooperative breeder",216.345,1298.869,"Carnivore",0.00198292258508356,0.00230666504795435,0.00165918012221278,"Carnivore"
"853","Cryptotis parva","SORICIDAE","EULIPOTYPHLA","FloodedGrasslandsSavannas","NorthAmerica",90,10,5,1277.5,3.85,56.935,4.55,2.5,"Polyandrous
Cooperative breeder",216.345,1298.869,"Carnivore",0.00198292258508356,0.00230666504795435,0.00165918012221278,"Carnivore"
"854","Cryptotis parva","SORICIDAE","EULIPOTYPHLA","TropicalSubtropicalGrasslands,SavannasShrublands","NorthAmerica",90,10,5,1277.5,3.85,56.935,4.55,2.5,"Polyandrous
Cooperative breeder",216.345,1298.869,"Carnivore",0.00198292258508356,0.00230666504795435,0.00165918012221278,"Carnivore"
"855","Tachyglossus aculeatus","TACHYGLOSSIDAE","MONOTREMATA","TemperateBroadleafMixedForests","Australia",100,0,3025,18250,510.415,576.71,1,0.58,"Polygynous",2.874,33.639,"Carnivore",0.69949724137931,5.19,0.02,"Carnivore"
"856","Tachyglossus aculeatus","TACHYGLOSSIDAE","MONOTREMATA","TropicalSubtropicalGrasslands,SavannasShrublands","Australia",100,0,3025,18250,510.415,576.71,1,0.58,"Polygynous",2.874,33.639,"Carnivore",0.69949724137931,5.19,0.02,"Carnivore"
"857","Tachyglossus aculeatus","TACHYGLOSSIDAE","MONOTREMATA","MontaneGrasslandsShrublands","Australia",100,0,3025,18250,510.415,576.71,1,0.58,"Polygynous",2.874,33.639,"Carnivore",0.69949724137931,5.19,0.02,"Carnivore"
"858","Tachyglossus aculeatus","TACHYGLOSSIDAE","MONOTREMATA","DesertsXericShrublands","Australia",100,0,3025,18250,510.415,576.71,1,0.58,"Polygynous",2.874,33.639,"Carnivore",0.69949724137931,5.19,0.02,"Carnivore"
"859","Tachyglossus aculeatus","TACHYGLOSSIDAE","MONOTREMATA","MediterraneanForests,WoodlandsScrub","Australia",100,0,3025,18250,510.415,576.71,1,0.58,"Polygynous",2.874,33.639,"Carnivore",0.69949724137931,5.19,0.02,"Carnivore"
"860","Tachyglossus aculeatus","TACHYGLOSSIDAE","MONOTREMATA","TemperateGrasslands,SavannasShrublands","Australia",100,0,3025,18250,510.415,576.71,1,0.58,"Polygynous",2.874,33.639,"Carnivore",0.69949724137931,5.19,0.02,"Carnivore"
"861","Tachyglossus aculeatus","TACHYGLOSSIDAE","MONOTREMATA","TropicalSubtropicalMoistBroadleafForests","Australia",100,0,3025,18250,510.415,576.71,1,0.58,"Polygynous",2.874,33.639,"Carnivore",0.69949724137931,5.19,0.02,"Carnivore"
"862","Tachyglossus aculeatus","TACHYGLOSSIDAE","MONOTREMATA","TropicalSubtropicalMoistBroadleafForests","Asia",100,0,3025,18250,510.415,576.71,1,0.58,"Polygynous",2.874,33.639,"Carnivore",0.69949724137931,5.19,0.02,"Carnivore"
"863","Tachyglossus aculeatus","TACHYGLOSSIDAE","MONOTREMATA","MontaneGrasslandsShrublands","Asia",100,0,3025,18250,510.415,576.71,1,0.58,"Polygynous",2.874,33.639,"Carnivore",0.69949724137931,5.19,0.02,"Carnivore"
"864","Tachyglossus aculeatus","TACHYGLOSSIDAE","MONOTREMATA","Mangroves","Asia",100,0,3025,18250,510.415,576.71,1,0.58,"Polygynous",2.874,33.639,"Carnivore",0.69949724137931,5.19,0.02,"Carnivore"
"865","Tachyglossus aculeatus","TACHYGLOSSIDAE","MONOTREMATA","TropicalSubtropicalGrasslands,SavannasShrublands","Asia",100,0,3025,18250,510.415,576.71,1,0.58,"Polygynous",2.874,33.639,"Carnivore",0.69949724137931,5.19,0.02,"Carnivore"
"866","Marmota monax","SCIURIDAE","RODENTIA","Tundra","NorthAmerica",0,100,3801.7,5110,248,445.59,4.5,1,"Polygynous",34.863,92.695,"Omnivore",0.0610230310365672,0.957,5e-04,"Herbivore"
"867","Marmota monax","SCIURIDAE","RODENTIA","TemperateConiferForests","NorthAmerica",0,100,3801.7,5110,248,445.59,4.5,1,"Polygynous",34.863,92.695,"Omnivore",0.0610230310365672,0.957,5e-04,"Herbivore"
"868","Marmota monax","SCIURIDAE","RODENTIA","TemperateBroadleafMixedForests","NorthAmerica",0,100,3801.7,5110,248,445.59,4.5,1,"Polygynous",34.863,92.695,"Omnivore",0.0610230310365672,0.957,5e-04,"Herbivore"
"869","Marmota monax","SCIURIDAE","RODENTIA","TemperateGrasslands,SavannasShrublands","NorthAmerica",0,100,3801.7,5110,248,445.59,4.5,1,"Polygynous",34.863,92.695,"Omnivore",0.0610230310365672,0.957,5e-04,"Herbivore"
"870","Marmota monax","SCIURIDAE","RODENTIA","BorealForestsTaiga","NorthAmerica",0,100,3801.7,5110,248,445.59,4.5,1,"Polygynous",34.863,92.695,"Omnivore",0.0610230310365672,0.957,5e-04,"Herbivore"
"871","Colobus angolensis","CERCOPITHECIDAE","PRIMATES","TropicalSubtropicalGrasslands,SavannasShrublands","Africa",0,100,14462.2,12884.5,1240,1832.529,1,0.6,"Polygynous",11.131,24.466,"Herbivore",16.4633333333333,26.5,1.75,"Herbivore"
"872","Colobus angolensis","CERCOPITHECIDAE","PRIMATES","TropicalSubtropicalMoistBroadleafForests","Africa",0,100,14462.2,12884.5,1240,1832.529,1,0.6,"Polygynous",11.131,24.466,"Herbivore",16.4633333333333,26.5,1.75,"Herbivore"
"873","Colobus angolensis","CERCOPITHECIDAE","PRIMATES","TropicalSubtropicalDryBroadleafForests","Africa",0,100,14462.2,12884.5,1240,1832.529,1,0.6,"Polygynous",11.131,24.466,"Herbivore",16.4633333333333,26.5,1.75,"Herbivore"
"874","Colobus angolensis","CERCOPITHECIDAE","PRIMATES","FloodedGrasslandsSavannas","Africa",0,100,14462.2,12884.5,1240,1832.529,1,0.6,"Polygynous",11.131,24.466,"Herbivore",16.4633333333333,26.5,1.75,"Herbivore"
"875","Colobus angolensis","CERCOPITHECIDAE","PRIMATES","MontaneGrasslandsShrublands","Africa",0,100,14462.2,12884.5,1240,1832.529,1,0.6,"Polygynous",11.131,24.466,"Herbivore",16.4633333333333,26.5,1.75,"Herbivore"
"876","Colobus angolensis","CERCOPITHECIDAE","PRIMATES","Mangroves","Africa",0,100,14462.2,12884.5,1240,1832.529,1,0.6,"Polygynous",11.131,24.466,"Herbivore",16.4633333333333,26.5,1.75,"Herbivore"
"877","Colobus satanas","CERCOPITHECIDAE","PRIMATES","TropicalSubtropicalMoistBroadleafForests","Africa",0,100,11993.8,12373.5,1240,1832.529,1,0.6,"Polygynous",13.544,25.983,"Herbivore",0.688,5.73,0.0155,"Herbivore"
"878","Colobus satanas","CERCOPITHECIDAE","PRIMATES","Mangroves","Africa",0,100,11993.8,12373.5,1240,1832.529,1,0.6,"Polygynous",13.544,25.983,"Herbivore",0.688,5.73,0.0155,"Herbivore"
"879","Colobus satanas","CERCOPITHECIDAE","PRIMATES","TropicalSubtropicalGrasslands,SavannasShrublands","Africa",0,100,11993.8,12373.5,1240,1832.529,1,0.6,"Polygynous",13.544,25.983,"Herbivore",0.688,5.73,0.0155,"Herbivore"
"880","Colobus guereza","CERCOPITHECIDAE","PRIMATES","TropicalSubtropicalGrasslands,SavannasShrublands","Africa",0,100,16498,12775,1386.37,1916.25,1,0.775,"Polygynous",38.032,63.919,"Omnivore",0.151557575757576,0.3279,0.029,"Herbivore"
"881","Colobus guereza","CERCOPITHECIDAE","PRIMATES","MontaneGrasslandsShrublands","Africa",0,100,16498,12775,1386.37,1916.25,1,0.775,"Polygynous",38.032,63.919,"Omnivore",0.151557575757576,0.3279,0.029,"Herbivore"
"882","Colobus guereza","CERCOPITHECIDAE","PRIMATES","TropicalSubtropicalMoistBroadleafForests","Africa",0,100,16498,12775,1386.37,1916.25,1,0.775,"Polygynous",38.032,63.919,"Omnivore",0.151557575757576,0.3279,0.029,"Herbivore"
"883","Colobus guereza","CERCOPITHECIDAE","PRIMATES","DesertsXericShrublands","Africa",0,100,16498,12775,1386.37,1916.25,1,0.775,"Polygynous",38.032,63.919,"Omnivore",0.151557575757576,0.3279,0.029,"Herbivore"
"884","Colobus guereza","CERCOPITHECIDAE","PRIMATES","Mangroves","Africa",0,100,16498,12775,1386.37,1916.25,1,0.775,"Polygynous",38.032,63.919,"Omnivore",0.151557575757576,0.3279,0.029,"Herbivore"
"885","Macaca nemestrina","CERCOPITHECIDAE","PRIMATES","TropicalSubtropicalMoistBroadleafForests","Asia",10,90,6296.5,13724,1416.5,1095,1,0.85,"Polygynandrous (promiscuous)",7.911,15.22,"Herbivore",1.65,1.81,1.49,"Herbivore"
"886","Macaca nemestrina","CERCOPITHECIDAE","PRIMATES","Mangroves","Asia",10,90,6296.5,13724,1416.5,1095,1,0.85,"Polygynandrous (promiscuous)",7.911,15.22,"Herbivore",1.65,1.81,1.49,"Herbivore"
"887","Macaca nemestrina","CERCOPITHECIDAE","PRIMATES","MontaneGrasslandsShrublands","Asia",10,90,6296.5,13724,1416.5,1095,1,0.85,"Polygynandrous (promiscuous)",7.911,15.22,"Herbivore",1.65,1.81,1.49,"Herbivore"
"888","Macaca nemestrina","CERCOPITHECIDAE","PRIMATES","TropicalSubtropicalConiferousForests","Asia",10,90,6296.5,13724,1416.5,1095,1,0.85,"Polygynandrous (promiscuous)",7.911,15.22,"Herbivore",1.65,1.81,1.49,"Herbivore"
"889","Dendrolagus lumholtzi","MACROPODIDAE","DIPROTODONTIA","TropicalSubtropicalGrasslands,SavannasShrublands","Australia",0,100,6750,8713.481,1299.99,911.459,1,1,"Polygynandrous (promiscuous)",4.686,28.131,"Herbivore",0.237977333333333,3.3914,0.00343,"Herbivore"
"890","Dendrolagus lumholtzi","MACROPODIDAE","DIPROTODONTIA","TropicalSubtropicalMoistBroadleafForests","Australia",0,100,6750,8713.481,1299.99,911.459,1,1,"Polygynandrous (promiscuous)",4.686,28.131,"Herbivore",0.237977333333333,3.3914,0.00343,"Herbivore"
"891","Canis latrans","CANIDAE","CARNIVORA","Tundra","NorthAmerica",79,21,13406.3,7969.167,1517,365,5.605,1,"Monogamous",0.272,0.572,"Carnivore",54.5630719045689,3853,0.0879022516830884,NA
"892","Canis latrans","CANIDAE","CARNIVORA","TemperateConiferForests","NorthAmerica",79,21,13406.3,7969.167,1517,365,5.605,1,"Monogamous",0.272,0.572,"Carnivore",54.5630719045689,3853,0.0879022516830884,NA
"893","Canis latrans","CANIDAE","CARNIVORA","TemperateBroadleafMixedForests","NorthAmerica",79,21,13406.3,7969.167,1517,365,5.605,1,"Monogamous",0.272,0.572,"Carnivore",54.5630719045689,3853,0.0879022516830884,NA
"894","Canis latrans","CANIDAE","CARNIVORA","Mangroves","NorthAmerica",79,21,13406.3,7969.167,1517,365,5.605,1,"Monogamous",0.272,0.572,"Carnivore",54.5630719045689,3853,0.0879022516830884,NA
"895","Canis latrans","CANIDAE","CARNIVORA","DesertsXericShrublands","NorthAmerica",79,21,13406.3,7969.167,1517,365,5.605,1,"Monogamous",0.272,0.572,"Carnivore",54.5630719045689,3853,0.0879022516830884,NA
"896","Canis latrans","CANIDAE","CARNIVORA","TropicalSubtropicalDryBroadleafForests","NorthAmerica",79,21,13406.3,7969.167,1517,365,5.605,1,"Monogamous",0.272,0.572,"Carnivore",54.5630719045689,3853,0.0879022516830884,NA
"897","Canis latrans","CANIDAE","CARNIVORA","TropicalSubtropicalGrasslands,SavannasShrublands","NorthAmerica",79,21,13406.3,7969.167,1517,365,5.605,1,"Monogamous",0.272,0.572,"Carnivore",54.5630719045689,3853,0.0879022516830884,NA
"898","Canis latrans","CANIDAE","CARNIVORA","TemperateGrasslands,SavannasShrublands","NorthAmerica",79,21,13406.3,7969.167,1517,365,5.605,1,"Monogamous",0.272,0.572,"Carnivore",54.5630719045689,3853,0.0879022516830884,NA
"899","Canis latrans","CANIDAE","CARNIVORA","MediterraneanForests,WoodlandsScrub","NorthAmerica",79,21,13406.3,7969.167,1517,365,5.605,1,"Monogamous",0.272,0.572,"Carnivore",54.5630719045689,3853,0.0879022516830884,NA
"900","Canis latrans","CANIDAE","CARNIVORA","TropicalSubtropicalMoistBroadleafForests","NorthAmerica",79,21,13406.3,7969.167,1517,365,5.605,1,"Monogamous",0.272,0.572,"Carnivore",54.5630719045689,3853,0.0879022516830884,NA
"901","Canis latrans","CANIDAE","CARNIVORA","TropicalSubtropicalConiferousForests","NorthAmerica",79,21,13406.3,7969.167,1517,365,5.605,1,"Monogamous",0.272,0.572,"Carnivore",54.5630719045689,3853,0.0879022516830884,NA
"902","Canis latrans","CANIDAE","CARNIVORA","BorealForestsTaiga","NorthAmerica",79,21,13406.3,7969.167,1517,365,5.605,1,"Monogamous",0.272,0.572,"Carnivore",54.5630719045689,3853,0.0879022516830884,NA
"903","Canis latrans","CANIDAE","CARNIVORA","FloodedGrasslandsSavannas","NorthAmerica",79,21,13406.3,7969.167,1517,365,5.605,1,"Monogamous",0.272,0.572,"Carnivore",54.5630719045689,3853,0.0879022516830884,NA
"904","Cervus nippon","CERVIDAE","ARTIODACTYLA","TemperateBroadleafMixedForests","Asia",0,100,53000,9599.5,28590,1095,1,1,"Polygynous",4.329,9.551,"Herbivore",10.8377173913043,126.709,0.15,"Herbivore"
"905","Cervus nippon","CERVIDAE","ARTIODACTYLA","TemperateConiferForests","Asia",0,100,53000,9599.5,28590,1095,1,1,"Polygynous",4.329,9.551,"Herbivore",10.8377173913043,126.709,0.15,"Herbivore"
"906","Cervus nippon","CERVIDAE","ARTIODACTYLA","TropicalSubtropicalMoistBroadleafForests","Asia",0,100,53000,9599.5,28590,1095,1,1,"Polygynous",4.329,9.551,"Herbivore",10.8377173913043,126.709,0.15,"Herbivore"
"907","Cervus nippon","CERVIDAE","ARTIODACTYLA","MontaneGrasslandsShrublands","Asia",0,100,53000,9599.5,28590,1095,1,1,"Polygynous",4.329,9.551,"Herbivore",10.8377173913043,126.709,0.15,"Herbivore"
"908","Cervus nippon","CERVIDAE","ARTIODACTYLA","FloodedGrasslandsSavannas","Asia",0,100,53000,9599.5,28590,1095,1,1,"Polygynous",4.329,9.551,"Herbivore",10.8377173913043,126.709,0.15,"Herbivore"
"909","Pseudochirulus herbertensis","PSEUDOCHEIRIDAE","DIPROTODONTIA","TropicalSubtropicalGrasslands,SavannasShrublands","Australia",0,100,1110.5,2190,117.5,486.66,1.945,1.525,"Polygynandrous (promiscuous)",34.416,206.621,"Herbivore",0.0166071428571429,0.0577,0.0034,"Herbivore"
"910","Pseudochirulus herbertensis","PSEUDOCHEIRIDAE","DIPROTODONTIA","TropicalSubtropicalMoistBroadleafForests","Australia",0,100,1110.5,2190,117.5,486.66,1.945,1.525,"Polygynandrous (promiscuous)",34.416,206.621,"Herbivore",0.0166071428571429,0.0577,0.0034,"Herbivore"
"911","Daubentonia madagascariensis","DAUBENTONIIDAE","PRIMATES","TropicalSubtropicalDryBroadleafForests","Africa",40,60,2500,8869.5,1535,1277.5,1,1,"Polygynandrous (promiscuous)",3.074,8.117,"Omnivore",6.53481052631579,25.86,0.57,NA
"912","Daubentonia madagascariensis","DAUBENTONIIDAE","PRIMATES","MontaneGrasslandsShrublands","Africa",40,60,2500,8869.5,1535,1277.5,1,1,"Polygynandrous (promiscuous)",3.074,8.117,"Omnivore",6.53481052631579,25.86,0.57,NA
"913","Daubentonia madagascariensis","DAUBENTONIIDAE","PRIMATES","TropicalSubtropicalMoistBroadleafForests","Africa",40,60,2500,8869.5,1535,1277.5,1,1,"Polygynandrous (promiscuous)",3.074,8.117,"Omnivore",6.53481052631579,25.86,0.57,NA
"914","Daubentonia madagascariensis","DAUBENTONIIDAE","PRIMATES","Mangroves","Africa",40,60,2500,8869.5,1535,1277.5,1,1,"Polygynandrous (promiscuous)",3.074,8.117,"Omnivore",6.53481052631579,25.86,0.57,NA
"915","Daubentonia madagascariensis","DAUBENTONIIDAE","PRIMATES","DesertsXericShrublands","Africa",40,60,2500,8869.5,1535,1277.5,1,1,"Polygynandrous (promiscuous)",3.074,8.117,"Omnivore",6.53481052631579,25.86,0.57,NA
"916","Rattus norvegicus","MURIDAE","RODENTIA","TemperateBroadleafMixedForests","Asia",30,70,356.7,1825,63.75,91.25,8.855,3.68,"Polygynandrous (promiscuous)
Cooperative breeder",58.373,350.453,"Carnivore",0.00681424736842105,0.0578,2.07e-05,NA
"917","Rattus norvegicus","MURIDAE","RODENTIA","TemperateConiferForests","Asia",30,70,356.7,1825,63.75,91.25,8.855,3.68,"Polygynandrous (promiscuous)
Cooperative breeder",58.373,350.453,"Carnivore",0.00681424736842105,0.0578,2.07e-05,NA
"918","Rattus norvegicus","MURIDAE","RODENTIA","TropicalSubtropicalMoistBroadleafForests","Asia",30,70,356.7,1825,63.75,91.25,8.855,3.68,"Polygynandrous (promiscuous)
Cooperative breeder",58.373,350.453,"Carnivore",0.00681424736842105,0.0578,2.07e-05,NA
"919","Rattus norvegicus","MURIDAE","RODENTIA","FloodedGrasslandsSavannas","Africa",30,70,356.7,1825,63.75,91.25,8.855,3.68,"Polygynandrous (promiscuous)
Cooperative breeder",58.373,350.453,"Carnivore",0.00681424736842105,0.0578,2.07e-05,NA
"920","Rattus norvegicus","MURIDAE","RODENTIA","DesertsXericShrublands","Africa",30,70,356.7,1825,63.75,91.25,8.855,3.68,"Polygynandrous (promiscuous)
Cooperative breeder",58.373,350.453,"Carnivore",0.00681424736842105,0.0578,2.07e-05,NA
"921","Rattus norvegicus","MURIDAE","RODENTIA","TropicalSubtropicalMoistBroadleafForests","Africa",30,70,356.7,1825,63.75,91.25,8.855,3.68,"Polygynandrous (promiscuous)
Cooperative breeder",58.373,350.453,"Carnivore",0.00681424736842105,0.0578,2.07e-05,NA
"922","Rattus norvegicus","MURIDAE","RODENTIA","MediterraneanForests,WoodlandsScrub","Africa",30,70,356.7,1825,63.75,91.25,8.855,3.68,"Polygynandrous (promiscuous)
Cooperative breeder",58.373,350.453,"Carnivore",0.00681424736842105,0.0578,2.07e-05,NA
"923","Rattus norvegicus","MURIDAE","RODENTIA","TropicalSubtropicalGrasslands,SavannasShrublands","Africa",30,70,356.7,1825,63.75,91.25,8.855,3.68,"Polygynandrous (promiscuous)
Cooperative breeder",58.373,350.453,"Carnivore",0.00681424736842105,0.0578,2.07e-05,NA
"924","Rattus norvegicus","MURIDAE","RODENTIA","Mangroves","Africa",30,70,356.7,1825,63.75,91.25,8.855,3.68,"Polygynandrous (promiscuous)
Cooperative breeder",58.373,350.453,"Carnivore",0.00681424736842105,0.0578,2.07e-05,NA
"925","Rattus norvegicus","MURIDAE","RODENTIA","MontaneGrasslandsShrublands","Africa",30,70,356.7,1825,63.75,91.25,8.855,3.68,"Polygynandrous (promiscuous)
Cooperative breeder",58.373,350.453,"Carnivore",0.00681424736842105,0.0578,2.07e-05,NA
"926","Rattus norvegicus","MURIDAE","RODENTIA","MediterraneanForests,WoodlandsScrub","Asia",30,70,356.7,1825,63.75,91.25,8.855,3.68,"Polygynandrous (promiscuous)
Cooperative breeder",58.373,350.453,"Carnivore",0.00681424736842105,0.0578,2.07e-05,NA
"927","Rattus norvegicus","MURIDAE","RODENTIA","TemperateGrasslands,SavannasShrublands","Asia",30,70,356.7,1825,63.75,91.25,8.855,3.68,"Polygynandrous (promiscuous)
Cooperative breeder",58.373,350.453,"Carnivore",0.00681424736842105,0.0578,2.07e-05,NA
"928","Rattus norvegicus","MURIDAE","RODENTIA","MontaneGrasslandsShrublands","Asia",30,70,356.7,1825,63.75,91.25,8.855,3.68,"Polygynandrous (promiscuous)
Cooperative breeder",58.373,350.453,"Carnivore",0.00681424736842105,0.0578,2.07e-05,NA
"929","Rattus norvegicus","MURIDAE","RODENTIA","FloodedGrasslandsSavannas","Asia",30,70,356.7,1825,63.75,91.25,8.855,3.68,"Polygynandrous (promiscuous)
Cooperative breeder",58.373,350.453,"Carnivore",0.00681424736842105,0.0578,2.07e-05,NA
"930","Rattus norvegicus","MURIDAE","RODENTIA","DesertsXericShrublands","Asia",30,70,356.7,1825,63.75,91.25,8.855,3.68,"Polygynandrous (promiscuous)
Cooperative breeder",58.373,350.453,"Carnivore",0.00681424736842105,0.0578,2.07e-05,NA
"931","Rattus norvegicus","MURIDAE","RODENTIA","Tundra","Asia",30,70,356.7,1825,63.75,91.25,8.855,3.68,"Polygynandrous (promiscuous)
Cooperative breeder",58.373,350.453,"Carnivore",0.00681424736842105,0.0578,2.07e-05,NA
"932","Rattus norvegicus","MURIDAE","RODENTIA","TropicalSubtropicalDryBroadleafForests","Asia",30,70,356.7,1825,63.75,91.25,8.855,3.68,"Polygynandrous (promiscuous)
Cooperative breeder",58.373,350.453,"Carnivore",0.00681424736842105,0.0578,2.07e-05,NA
"933","Rattus norvegicus","MURIDAE","RODENTIA","BorealForestsTaiga","Asia",30,70,356.7,1825,63.75,91.25,8.855,3.68,"Polygynandrous (promiscuous)
Cooperative breeder",58.373,350.453,"Carnivore",0.00681424736842105,0.0578,2.07e-05,NA
"934","Rattus norvegicus","MURIDAE","RODENTIA","Mangroves","Asia",30,70,356.7,1825,63.75,91.25,8.855,3.68,"Polygynandrous (promiscuous)
Cooperative breeder",58.373,350.453,"Carnivore",0.00681424736842105,0.0578,2.07e-05,NA
"935","Rattus norvegicus","MURIDAE","RODENTIA","TropicalSubtropicalConiferousForests","Asia",30,70,356.7,1825,63.75,91.25,8.855,3.68,"Polygynandrous (promiscuous)
Cooperative breeder",58.373,350.453,"Carnivore",0.00681424736842105,0.0578,2.07e-05,NA
"936","Rattus norvegicus","MURIDAE","RODENTIA","TropicalSubtropicalGrasslands,SavannasShrublands","Asia",30,70,356.7,1825,63.75,91.25,8.855,3.68,"Polygynandrous (promiscuous)
Cooperative breeder",58.373,350.453,"Carnivore",0.00681424736842105,0.0578,2.07e-05,NA
"937","Rattus norvegicus","MURIDAE","RODENTIA","TemperateGrasslands,SavannasShrublands","NorthAmerica",30,70,356.7,1825,63.75,91.25,8.855,3.68,"Polygynandrous (promiscuous)
Cooperative breeder",58.373,350.453,"Carnivore",0.00681424736842105,0.0578,2.07e-05,NA
"938","Rattus norvegicus","MURIDAE","RODENTIA","TemperateBroadleafMixedForests","NorthAmerica",30,70,356.7,1825,63.75,91.25,8.855,3.68,"Polygynandrous (promiscuous)
Cooperative breeder",58.373,350.453,"Carnivore",0.00681424736842105,0.0578,2.07e-05,NA
"939","Rattus norvegicus","MURIDAE","RODENTIA","TropicalSubtropicalMoistBroadleafForests","Oceania",30,70,356.7,1825,63.75,91.25,8.855,3.68,"Polygynandrous (promiscuous)
Cooperative breeder",58.373,350.453,"Carnivore",0.00681424736842105,0.0578,2.07e-05,NA
"940","Rattus norvegicus","MURIDAE","RODENTIA","TemperateGrasslands,SavannasShrublands","SouthAmerica",30,70,356.7,1825,63.75,91.25,8.855,3.68,"Polygynandrous (promiscuous)
Cooperative breeder",58.373,350.453,"Carnivore",0.00681424736842105,0.0578,2.07e-05,NA
"941","Rattus norvegicus","MURIDAE","RODENTIA","MediterraneanForests,WoodlandsScrub","Europe",30,70,356.7,1825,63.75,91.25,8.855,3.68,"Polygynandrous (promiscuous)
Cooperative breeder",58.373,350.453,"Carnivore",0.00681424736842105,0.0578,2.07e-05,NA
"942","Rattus norvegicus","MURIDAE","RODENTIA","TemperateConiferForests","Europe",30,70,356.7,1825,63.75,91.25,8.855,3.68,"Polygynandrous (promiscuous)
Cooperative breeder",58.373,350.453,"Carnivore",0.00681424736842105,0.0578,2.07e-05,NA
"943","Rattus norvegicus","MURIDAE","RODENTIA","TemperateBroadleafMixedForests","Europe",30,70,356.7,1825,63.75,91.25,8.855,3.68,"Polygynandrous (promiscuous)
Cooperative breeder",58.373,350.453,"Carnivore",0.00681424736842105,0.0578,2.07e-05,NA
"944","Rattus norvegicus","MURIDAE","RODENTIA","DesertsXericShrublands","Europe",30,70,356.7,1825,63.75,91.25,8.855,3.68,"Polygynandrous (promiscuous)
Cooperative breeder",58.373,350.453,"Carnivore",0.00681424736842105,0.0578,2.07e-05,NA
"945","Rattus norvegicus","MURIDAE","RODENTIA","BorealForestsTaiga","Europe",30,70,356.7,1825,63.75,91.25,8.855,3.68,"Polygynandrous (promiscuous)
Cooperative breeder",58.373,350.453,"Carnivore",0.00681424736842105,0.0578,2.07e-05,NA
"946","Rattus norvegicus","MURIDAE","RODENTIA","TemperateGrasslands,SavannasShrublands","Europe",30,70,356.7,1825,63.75,91.25,8.855,3.68,"Polygynandrous (promiscuous)
Cooperative breeder",58.373,350.453,"Carnivore",0.00681424736842105,0.0578,2.07e-05,NA
"947","Rattus norvegicus","MURIDAE","RODENTIA","Tundra","Europe",30,70,356.7,1825,63.75,91.25,8.855,3.68,"Polygynandrous (promiscuous)
Cooperative breeder",58.373,350.453,"Carnivore",0.00681424736842105,0.0578,2.07e-05,NA
"948","Mephitis mephitis","MEPHITIDAE","CARNIVORA","TemperateConiferForests","NorthAmerica",50,50,2085,5073.5,493.5,418.325,5.1,1.21,"Polygynous",0.988,2.078,"Omnivore",1.61327627127069,16.62,8e-04,NA
"949","Mephitis mephitis","MEPHITIDAE","CARNIVORA","TemperateBroadleafMixedForests","NorthAmerica",50,50,2085,5073.5,493.5,418.325,5.1,1.21,"Polygynous",0.988,2.078,"Omnivore",1.61327627127069,16.62,8e-04,NA
"950","Mephitis mephitis","MEPHITIDAE","CARNIVORA","Mangroves","NorthAmerica",50,50,2085,5073.5,493.5,418.325,5.1,1.21,"Polygynous",0.988,2.078,"Omnivore",1.61327627127069,16.62,8e-04,NA
"951","Mephitis mephitis","MEPHITIDAE","CARNIVORA","TemperateGrasslands,SavannasShrublands","NorthAmerica",50,50,2085,5073.5,493.5,418.325,5.1,1.21,"Polygynous",0.988,2.078,"Omnivore",1.61327627127069,16.62,8e-04,NA
"952","Mephitis mephitis","MEPHITIDAE","CARNIVORA","MediterraneanForests,WoodlandsScrub","NorthAmerica",50,50,2085,5073.5,493.5,418.325,5.1,1.21,"Polygynous",0.988,2.078,"Omnivore",1.61327627127069,16.62,8e-04,NA
"953","Mephitis mephitis","MEPHITIDAE","CARNIVORA","BorealForestsTaiga","NorthAmerica",50,50,2085,5073.5,493.5,418.325,5.1,1.21,"Polygynous",0.988,2.078,"Omnivore",1.61327627127069,16.62,8e-04,NA
"954","Mephitis mephitis","MEPHITIDAE","CARNIVORA","DesertsXericShrublands","NorthAmerica",50,50,2085,5073.5,493.5,418.325,5.1,1.21,"Polygynous",0.988,2.078,"Omnivore",1.61327627127069,16.62,8e-04,NA
"955","Mephitis mephitis","MEPHITIDAE","CARNIVORA","FloodedGrasslandsSavannas","NorthAmerica",50,50,2085,5073.5,493.5,418.325,5.1,1.21,"Polygynous",0.988,2.078,"Omnivore",1.61327627127069,16.62,8e-04,NA
"956","Mephitis mephitis","MEPHITIDAE","CARNIVORA","Tundra","NorthAmerica",50,50,2085,5073.5,493.5,418.325,5.1,1.21,"Polygynous",0.988,2.078,"Omnivore",1.61327627127069,16.62,8e-04,NA
"957","Mephitis mephitis","MEPHITIDAE","CARNIVORA","TropicalSubtropicalConiferousForests","NorthAmerica",50,50,2085,5073.5,493.5,418.325,5.1,1.21,"Polygynous",0.988,2.078,"Omnivore",1.61327627127069,16.62,8e-04,NA
"958","Mephitis mephitis","MEPHITIDAE","CARNIVORA","TropicalSubtropicalDryBroadleafForests","NorthAmerica",50,50,2085,5073.5,493.5,418.325,5.1,1.21,"Polygynous",0.988,2.078,"Omnivore",1.61327627127069,16.62,8e-04,NA
"959","Mephitis mephitis","MEPHITIDAE","CARNIVORA","TropicalSubtropicalMoistBroadleafForests","NorthAmerica",50,50,2085,5073.5,493.5,418.325,5.1,1.21,"Polygynous",0.988,2.078,"Omnivore",1.61327627127069,16.62,8e-04,NA
"960","Mephitis mephitis","MEPHITIDAE","CARNIVORA","TropicalSubtropicalGrasslands,SavannasShrublands","NorthAmerica",50,50,2085,5073.5,493.5,418.325,5.1,1.21,"Polygynous",0.988,2.078,"Omnivore",1.61327627127069,16.62,8e-04,NA
"961","Bison bonasus","BOVIDAE","ARTIODACTYLA","TemperateBroadleafMixedForests","Europe",0,100,5e+05,12227.5,158000,1068.38,1,1,"Polygynous",1.235,7.413,"Herbivore",74.9400195201564,504,0.4,"Herbivore"
"962","Bison bonasus","BOVIDAE","ARTIODACTYLA","TemperateConiferForests","Europe",0,100,5e+05,12227.5,158000,1068.38,1,1,"Polygynous",1.235,7.413,"Herbivore",74.9400195201564,504,0.4,"Herbivore"
"963","Bison bonasus","BOVIDAE","ARTIODACTYLA","BorealForestsTaiga","Europe",0,100,5e+05,12227.5,158000,1068.38,1,1,"Polygynous",1.235,7.413,"Herbivore",74.9400195201564,504,0.4,"Herbivore"
"964","Petauroides volans","PSEUDOCHEIRIDAE","DIPROTODONTIA","MontaneGrasslandsShrublands","Australia",0,100,1300,5475,436.93,730,1,1,"Monogamous
Polygynous",34.647,208.011,"Herbivore",0.0274777777777778,0.193,0.002,"Herbivore"
"965","Petauroides volans","PSEUDOCHEIRIDAE","DIPROTODONTIA","TropicalSubtropicalGrasslands,SavannasShrublands","Australia",0,100,1300,5475,436.93,730,1,1,"Monogamous
Polygynous",34.647,208.011,"Herbivore",0.0274777777777778,0.193,0.002,"Herbivore"
"966","Petauroides volans","PSEUDOCHEIRIDAE","DIPROTODONTIA","TemperateBroadleafMixedForests","Australia",0,100,1300,5475,436.93,730,1,1,"Monogamous
Polygynous",34.647,208.011,"Herbivore",0.0274777777777778,0.193,0.002,"Herbivore"
"967","Petauroides volans","PSEUDOCHEIRIDAE","DIPROTODONTIA","TropicalSubtropicalMoistBroadleafForests","Australia",0,100,1300,5475,436.93,730,1,1,"Monogamous
Polygynous",34.647,208.011,"Herbivore",0.0274777777777778,0.193,0.002,"Herbivore"
"968","Petauroides volans","PSEUDOCHEIRIDAE","DIPROTODONTIA","TemperateGrasslands,SavannasShrublands","Australia",0,100,1300,5475,436.93,730,1,1,"Monogamous
Polygynous",34.647,208.011,"Herbivore",0.0274777777777778,0.193,0.002,"Herbivore"
"969","Papio anubis","CERCOPITHECIDAE","PRIMATES","TropicalSubtropicalMoistBroadleafForests","Africa",50,50,28329.2,16425,3640.26,1642.5,1.005,0.8,"Polygynandrous (promiscuous)",2.196,3.93,"Omnivore",43.75,43.75,43.75,NA
"970","Papio anubis","CERCOPITHECIDAE","PRIMATES","Mangroves","Africa",50,50,28329.2,16425,3640.26,1642.5,1.005,0.8,"Polygynandrous (promiscuous)",2.196,3.93,"Omnivore",43.75,43.75,43.75,NA
"971","Papio anubis","CERCOPITHECIDAE","PRIMATES","TropicalSubtropicalGrasslands,SavannasShrublands","Africa",50,50,28329.2,16425,3640.26,1642.5,1.005,0.8,"Polygynandrous (promiscuous)",2.196,3.93,"Omnivore",43.75,43.75,43.75,NA
"972","Papio anubis","CERCOPITHECIDAE","PRIMATES","DesertsXericShrublands","Africa",50,50,28329.2,16425,3640.26,1642.5,1.005,0.8,"Polygynandrous (promiscuous)",2.196,3.93,"Omnivore",43.75,43.75,43.75,NA
"973","Papio anubis","CERCOPITHECIDAE","PRIMATES","FloodedGrasslandsSavannas","Africa",50,50,28329.2,16425,3640.26,1642.5,1.005,0.8,"Polygynandrous (promiscuous)",2.196,3.93,"Omnivore",43.75,43.75,43.75,NA
"974","Papio anubis","CERCOPITHECIDAE","PRIMATES","MontaneGrasslandsShrublands","Africa",50,50,28329.2,16425,3640.26,1642.5,1.005,0.8,"Polygynandrous (promiscuous)",2.196,3.93,"Omnivore",43.75,43.75,43.75,NA
"975","Sciurus carolinensis","SCIURIDAE","RODENTIA","TemperateGrasslands,SavannasShrublands","NorthAmerica",0,100,506.5,8760,200,365,3,2,"Polygynandrous (promiscuous)",103.957,329.498,"Herbivore",0.0291940754986046,0.5558,0.00042,"Herbivore"
"976","Sciurus carolinensis","SCIURIDAE","RODENTIA","MediterraneanForests,WoodlandsScrub","NorthAmerica",0,100,506.5,8760,200,365,3,2,"Polygynandrous (promiscuous)",103.957,329.498,"Herbivore",0.0291940754986046,0.5558,0.00042,"Herbivore"
"977","Sciurus carolinensis","SCIURIDAE","RODENTIA","TemperateConiferForests","NorthAmerica",0,100,506.5,8760,200,365,3,2,"Polygynandrous (promiscuous)",103.957,329.498,"Herbivore",0.0291940754986046,0.5558,0.00042,"Herbivore"
"978","Sciurus carolinensis","SCIURIDAE","RODENTIA","TemperateBroadleafMixedForests","NorthAmerica",0,100,506.5,8760,200,365,3,2,"Polygynandrous (promiscuous)",103.957,329.498,"Herbivore",0.0291940754986046,0.5558,0.00042,"Herbivore"
"979","Sciurus carolinensis","SCIURIDAE","RODENTIA","Mangroves","NorthAmerica",0,100,506.5,8760,200,365,3,2,"Polygynandrous (promiscuous)",103.957,329.498,"Herbivore",0.0291940754986046,0.5558,0.00042,"Herbivore"
"980","Sciurus carolinensis","SCIURIDAE","RODENTIA","FloodedGrasslandsSavannas","NorthAmerica",0,100,506.5,8760,200,365,3,2,"Polygynandrous (promiscuous)",103.957,329.498,"Herbivore",0.0291940754986046,0.5558,0.00042,"Herbivore"
"981","Sciurus carolinensis","SCIURIDAE","RODENTIA","BorealForestsTaiga","NorthAmerica",0,100,506.5,8760,200,365,3,2,"Polygynandrous (promiscuous)",103.957,329.498,"Herbivore",0.0291940754986046,0.5558,0.00042,"Herbivore"
"982","Sciurus carolinensis","SCIURIDAE","RODENTIA","TropicalSubtropicalGrasslands,SavannasShrublands","NorthAmerica",0,100,506.5,8760,200,365,3,2,"Polygynandrous (promiscuous)",103.957,329.498,"Herbivore",0.0291940754986046,0.5558,0.00042,"Herbivore"
"983","Macaca fascicularis","CERCOPITHECIDAE","PRIMATES","Mangroves","Asia",50,50,3991.5,14235,851.28,1410.72,1,0.93,"Polygynous
Polygynandrous (promiscuous)",19.765,34.163,"Carnivore",0.411210526315789,3.6508,0.0169,NA
"984","Macaca fascicularis","CERCOPITHECIDAE","PRIMATES","TropicalSubtropicalMoistBroadleafForests","Asia",50,50,3991.5,14235,851.28,1410.72,1,0.93,"Polygynous
Polygynandrous (promiscuous)",19.765,34.163,"Carnivore",0.411210526315789,3.6508,0.0169,NA
"985","Macaca fascicularis","CERCOPITHECIDAE","PRIMATES","TropicalSubtropicalDryBroadleafForests","Asia",50,50,3991.5,14235,851.28,1410.72,1,0.93,"Polygynous
Polygynandrous (promiscuous)",19.765,34.163,"Carnivore",0.411210526315789,3.6508,0.0169,NA
"986","Macaca fascicularis","CERCOPITHECIDAE","PRIMATES","TropicalSubtropicalConiferousForests","Asia",50,50,3991.5,14235,851.28,1410.72,1,0.93,"Polygynous
Polygynandrous (promiscuous)",19.765,34.163,"Carnivore",0.411210526315789,3.6508,0.0169,NA
"987","Macaca fascicularis","CERCOPITHECIDAE","PRIMATES","MontaneGrasslandsShrublands","Asia",50,50,3991.5,14235,851.28,1410.72,1,0.93,"Polygynous
Polygynandrous (promiscuous)",19.765,34.163,"Carnivore",0.411210526315789,3.6508,0.0169,NA
"988","Myotis daubentonii","VESPERTILIONIDAE","CHIROPTERA","MediterraneanForests,WoodlandsScrub","Asia",100,0,7.4,10220,5.49,426.37,1.21,1,"Polygynandrous (promiscuous)",2.879,8.04,"Carnivore",28.5,47.3,9.7,"Carnivore"
"989","Myotis daubentonii","VESPERTILIONIDAE","CHIROPTERA","DesertsXericShrublands","Asia",100,0,7.4,10220,5.49,426.37,1.21,1,"Polygynandrous (promiscuous)",2.879,8.04,"Carnivore",28.5,47.3,9.7,"Carnivore"
"990","Myotis daubentonii","VESPERTILIONIDAE","CHIROPTERA","TemperateBroadleafMixedForests","Asia",100,0,7.4,10220,5.49,426.37,1.21,1,"Polygynandrous (promiscuous)",2.879,8.04,"Carnivore",28.5,47.3,9.7,"Carnivore"
"991","Myotis daubentonii","VESPERTILIONIDAE","CHIROPTERA","TemperateGrasslands,SavannasShrublands","Asia",100,0,7.4,10220,5.49,426.37,1.21,1,"Polygynandrous (promiscuous)",2.879,8.04,"Carnivore",28.5,47.3,9.7,"Carnivore"
"992","Myotis daubentonii","VESPERTILIONIDAE","CHIROPTERA","TemperateConiferForests","Asia",100,0,7.4,10220,5.49,426.37,1.21,1,"Polygynandrous (promiscuous)",2.879,8.04,"Carnivore",28.5,47.3,9.7,"Carnivore"
"993","Myotis daubentonii","VESPERTILIONIDAE","CHIROPTERA","BorealForestsTaiga","Asia",100,0,7.4,10220,5.49,426.37,1.21,1,"Polygynandrous (promiscuous)",2.879,8.04,"Carnivore",28.5,47.3,9.7,"Carnivore"
"994","Myotis daubentonii","VESPERTILIONIDAE","CHIROPTERA","MediterraneanForests,WoodlandsScrub","Europe",100,0,7.4,10220,5.49,426.37,1.21,1,"Polygynandrous (promiscuous)",2.879,8.04,"Carnivore",28.5,47.3,9.7,"Carnivore"
"995","Myotis daubentonii","VESPERTILIONIDAE","CHIROPTERA","TemperateConiferForests","Europe",100,0,7.4,10220,5.49,426.37,1.21,1,"Polygynandrous (promiscuous)",2.879,8.04,"Carnivore",28.5,47.3,9.7,"Carnivore"
"996","Myotis daubentonii","VESPERTILIONIDAE","CHIROPTERA","TemperateBroadleafMixedForests","Europe",100,0,7.4,10220,5.49,426.37,1.21,1,"Polygynandrous (promiscuous)",2.879,8.04,"Carnivore",28.5,47.3,9.7,"Carnivore"
"997","Myotis daubentonii","VESPERTILIONIDAE","CHIROPTERA","TemperateGrasslands,SavannasShrublands","Europe",100,0,7.4,10220,5.49,426.37,1.21,1,"Polygynandrous (promiscuous)",2.879,8.04,"Carnivore",28.5,47.3,9.7,"Carnivore"
"998","Myotis daubentonii","VESPERTILIONIDAE","CHIROPTERA","BorealForestsTaiga","Europe",100,0,7.4,10220,5.49,426.37,1.21,1,"Polygynandrous (promiscuous)",2.879,8.04,"Carnivore",28.5,47.3,9.7,"Carnivore"
"999","Myotis daubentonii","VESPERTILIONIDAE","CHIROPTERA","Tundra","Europe",100,0,7.4,10220,5.49,426.37,1.21,1,"Polygynandrous (promiscuous)",2.879,8.04,"Carnivore",28.5,47.3,9.7,"Carnivore"
"1000","Pongo abelii","HOMINIDAE","PRIMATES","TropicalSubtropicalMoistBroadleafForests","Asia",20,80,56750,21900,11000,3196.23,1.14,0.22,"Polygynandrous (promiscuous)",3.482,6.331,"Omnivore",6.11388888888889,39.13,0.52,NA
"1001","Pongo abelii","HOMINIDAE","PRIMATES","TropicalSubtropicalConiferousForests","Asia",20,80,56750,21900,11000,3196.23,1.14,0.22,"Polygynandrous (promiscuous)",3.482,6.331,"Omnivore",6.11388888888889,39.13,0.52,NA
"1002","Panthera tigris","FELIDAE","CARNIVORA","FloodedGrasslandsSavannas","Asia",100,0,162564,9599.5,11003,1216.66,2.57,0.4,"Polygynandrous (promiscuous)",0.024,0.034,"Carnivore",598.408283962259,40400,0.6,"Carnivore"
"1003","Panthera tigris","FELIDAE","CARNIVORA","TropicalSubtropicalMoistBroadleafForests","Asia",100,0,162564,9599.5,11003,1216.66,2.57,0.4,"Polygynandrous (promiscuous)",0.024,0.034,"Carnivore",598.408283962259,40400,0.6,"Carnivore"
"1004","Panthera tigris","FELIDAE","CARNIVORA","TropicalSubtropicalDryBroadleafForests","Asia",100,0,162564,9599.5,11003,1216.66,2.57,0.4,"Polygynandrous (promiscuous)",0.024,0.034,"Carnivore",598.408283962259,40400,0.6,"Carnivore"
"1005","Panthera tigris","FELIDAE","CARNIVORA","TemperateBroadleafMixedForests","Asia",100,0,162564,9599.5,11003,1216.66,2.57,0.4,"Polygynandrous (promiscuous)",0.024,0.034,"Carnivore",598.408283962259,40400,0.6,"Carnivore"
"1006","Panthera tigris","FELIDAE","CARNIVORA","TemperateConiferForests","Asia",100,0,162564,9599.5,11003,1216.66,2.57,0.4,"Polygynandrous (promiscuous)",0.024,0.034,"Carnivore",598.408283962259,40400,0.6,"Carnivore"
"1007","Panthera tigris","FELIDAE","CARNIVORA","DesertsXericShrublands","Asia",100,0,162564,9599.5,11003,1216.66,2.57,0.4,"Polygynandrous (promiscuous)",0.024,0.034,"Carnivore",598.408283962259,40400,0.6,"Carnivore"
"1008","Panthera tigris","FELIDAE","CARNIVORA","MontaneGrasslandsShrublands","Asia",100,0,162564,9599.5,11003,1216.66,2.57,0.4,"Polygynandrous (promiscuous)",0.024,0.034,"Carnivore",598.408283962259,40400,0.6,"Carnivore"
"1009","Panthera tigris","FELIDAE","CARNIVORA","TropicalSubtropicalConiferousForests","Asia",100,0,162564,9599.5,11003,1216.66,2.57,0.4,"Polygynandrous (promiscuous)",0.024,0.034,"Carnivore",598.408283962259,40400,0.6,"Carnivore"
"1010","Panthera tigris","FELIDAE","CARNIVORA","Mangroves","Asia",100,0,162564,9599.5,11003,1216.66,2.57,0.4,"Polygynandrous (promiscuous)",0.024,0.034,"Carnivore",598.408283962259,40400,0.6,"Carnivore"
"1011","Panthera tigris","FELIDAE","CARNIVORA","BorealForestsTaiga","Asia",100,0,162564,9599.5,11003,1216.66,2.57,0.4,"Polygynandrous (promiscuous)",0.024,0.034,"Carnivore",598.408283962259,40400,0.6,"Carnivore"
"1012","Panthera tigris","FELIDAE","CARNIVORA","TropicalSubtropicalGrasslands,SavannasShrublands","Asia",100,0,162564,9599.5,11003,1216.66,2.57,0.4,"Polygynandrous (promiscuous)",0.024,0.034,"Carnivore",598.408283962259,40400,0.6,"Carnivore"
"1013","Panthera tigris","FELIDAE","CARNIVORA","TemperateGrasslands,SavannasShrublands","Asia",100,0,162564,9599.5,11003,1216.66,2.57,0.4,"Polygynandrous (promiscuous)",0.024,0.034,"Carnivore",598.408283962259,40400,0.6,"Carnivore"
"1014","Panthera tigris","FELIDAE","CARNIVORA","MediterraneanForests,WoodlandsScrub","Asia",100,0,162564,9599.5,11003,1216.66,2.57,0.4,"Polygynandrous (promiscuous)",0.024,0.034,"Carnivore",598.408283962259,40400,0.6,"Carnivore"
"1015","Panthera tigris","FELIDAE","CARNIVORA","TemperateBroadleafMixedForests","Europe",100,0,162564,9599.5,11003,1216.66,2.57,0.4,"Polygynandrous (promiscuous)",0.024,0.034,"Carnivore",598.408283962259,40400,0.6,"Carnivore"
"1016","Panthera tigris","FELIDAE","CARNIVORA","TemperateGrasslands,SavannasShrublands","Europe",100,0,162564,9599.5,11003,1216.66,2.57,0.4,"Polygynandrous (promiscuous)",0.024,0.034,"Carnivore",598.408283962259,40400,0.6,"Carnivore"
"1017","Panthera tigris","FELIDAE","CARNIVORA","Tundra","Asia",100,0,162564,9599.5,11003,1216.66,2.57,0.4,"Polygynandrous (promiscuous)",0.024,0.034,"Carnivore",598.408283962259,40400,0.6,"Carnivore"
"1018","Semnopithecus entellus","CERCOPITHECIDAE","PRIMATES","TropicalSubtropicalMoistBroadleafForests","Asia",0,100,14500,10685.375,2100,1335.9,1.02,0.7,"Polygynous
Polygynandrous (promiscuous)",24.596,38.295,"Herbivore",0.367321428571429,0.745,0.2125,"Herbivore"
"1019","Semnopithecus entellus","CERCOPITHECIDAE","PRIMATES","Mangroves","Asia",0,100,14500,10685.375,2100,1335.9,1.02,0.7,"Polygynous
Polygynandrous (promiscuous)",24.596,38.295,"Herbivore",0.367321428571429,0.745,0.2125,"Herbivore"
"1020","Semnopithecus entellus","CERCOPITHECIDAE","PRIMATES","TropicalSubtropicalDryBroadleafForests","Asia",0,100,14500,10685.375,2100,1335.9,1.02,0.7,"Polygynous
Polygynandrous (promiscuous)",24.596,38.295,"Herbivore",0.367321428571429,0.745,0.2125,"Herbivore"
"1021","Semnopithecus entellus","CERCOPITHECIDAE","PRIMATES","DesertsXericShrublands","Asia",0,100,14500,10685.375,2100,1335.9,1.02,0.7,"Polygynous
Polygynandrous (promiscuous)",24.596,38.295,"Herbivore",0.367321428571429,0.745,0.2125,"Herbivore"
"1022","Martes americana","MUSTELIDAE","CARNIVORA","Tundra","NorthAmerica",80,20,1250,6935,392,365,2.73,1,"Polygynous",2.207,7.061,"Omnivore",6.00367470900559,87.4,0.0777000777000777,NA
"1023","Martes americana","MUSTELIDAE","CARNIVORA","BorealForestsTaiga","NorthAmerica",80,20,1250,6935,392,365,2.73,1,"Polygynous",2.207,7.061,"Omnivore",6.00367470900559,87.4,0.0777000777000777,NA
"1024","Martes americana","MUSTELIDAE","CARNIVORA","TemperateConiferForests","NorthAmerica",80,20,1250,6935,392,365,2.73,1,"Polygynous",2.207,7.061,"Omnivore",6.00367470900559,87.4,0.0777000777000777,NA
"1025","Martes americana","MUSTELIDAE","CARNIVORA","TemperateGrasslands,SavannasShrublands","NorthAmerica",80,20,1250,6935,392,365,2.73,1,"Polygynous",2.207,7.061,"Omnivore",6.00367470900559,87.4,0.0777000777000777,NA
"1026","Martes americana","MUSTELIDAE","CARNIVORA","MediterraneanForests,WoodlandsScrub","NorthAmerica",80,20,1250,6935,392,365,2.73,1,"Polygynous",2.207,7.061,"Omnivore",6.00367470900559,87.4,0.0777000777000777,NA
"1027","Martes americana","MUSTELIDAE","CARNIVORA","DesertsXericShrublands","NorthAmerica",80,20,1250,6935,392,365,2.73,1,"Polygynous",2.207,7.061,"Omnivore",6.00367470900559,87.4,0.0777000777000777,NA
"1028","Martes americana","MUSTELIDAE","CARNIVORA","TemperateBroadleafMixedForests","NorthAmerica",80,20,1250,6935,392,365,2.73,1,"Polygynous",2.207,7.061,"Omnivore",6.00367470900559,87.4,0.0777000777000777,NA
"1029","Mus musculus","MURIDAE","RODENTIA","DesertsXericShrublands","Africa",20,80,16.1,2190,8.95,139.5,6.07,4.57,"Polygynous",757.495,4547.768,"Omnivore",0.00723099115092558,0.136,0.0001061872909699,NA
"1030","Mus musculus","MURIDAE","RODENTIA","TropicalSubtropicalGrasslands,SavannasShrublands","Africa",20,80,16.1,2190,8.95,139.5,6.07,4.57,"Polygynous",757.495,4547.768,"Omnivore",0.00723099115092558,0.136,0.0001061872909699,NA
"1031","Mus musculus","MURIDAE","RODENTIA","TropicalSubtropicalMoistBroadleafForests","Africa",20,80,16.1,2190,8.95,139.5,6.07,4.57,"Polygynous",757.495,4547.768,"Omnivore",0.00723099115092558,0.136,0.0001061872909699,NA
"1032","Mus musculus","MURIDAE","RODENTIA","MontaneGrasslandsShrublands","Africa",20,80,16.1,2190,8.95,139.5,6.07,4.57,"Polygynous",757.495,4547.768,"Omnivore",0.00723099115092558,0.136,0.0001061872909699,NA
"1033","Mus musculus","MURIDAE","RODENTIA","MediterraneanForests,WoodlandsScrub","Africa",20,80,16.1,2190,8.95,139.5,6.07,4.57,"Polygynous",757.495,4547.768,"Omnivore",0.00723099115092558,0.136,0.0001061872909699,NA
"1034","Mus musculus","MURIDAE","RODENTIA","TemperateConiferForests","Africa",20,80,16.1,2190,8.95,139.5,6.07,4.57,"Polygynous",757.495,4547.768,"Omnivore",0.00723099115092558,0.136,0.0001061872909699,NA
"1035","Mus musculus","MURIDAE","RODENTIA","FloodedGrasslandsSavannas","Africa",20,80,16.1,2190,8.95,139.5,6.07,4.57,"Polygynous",757.495,4547.768,"Omnivore",0.00723099115092558,0.136,0.0001061872909699,NA
"1036","Mus musculus","MURIDAE","RODENTIA","Mangroves","Africa",20,80,16.1,2190,8.95,139.5,6.07,4.57,"Polygynous",757.495,4547.768,"Omnivore",0.00723099115092558,0.136,0.0001061872909699,NA
"1037","Mus musculus","MURIDAE","RODENTIA","MediterraneanForests,WoodlandsScrub","Asia",20,80,16.1,2190,8.95,139.5,6.07,4.57,"Polygynous",757.495,4547.768,"Omnivore",0.00723099115092558,0.136,0.0001061872909699,NA
"1038","Mus musculus","MURIDAE","RODENTIA","DesertsXericShrublands","Asia",20,80,16.1,2190,8.95,139.5,6.07,4.57,"Polygynous",757.495,4547.768,"Omnivore",0.00723099115092558,0.136,0.0001061872909699,NA
"1039","Mus musculus","MURIDAE","RODENTIA","TemperateGrasslands,SavannasShrublands","Asia",20,80,16.1,2190,8.95,139.5,6.07,4.57,"Polygynous",757.495,4547.768,"Omnivore",0.00723099115092558,0.136,0.0001061872909699,NA
"1040","Mus musculus","MURIDAE","RODENTIA","MontaneGrasslandsShrublands","Asia",20,80,16.1,2190,8.95,139.5,6.07,4.57,"Polygynous",757.495,4547.768,"Omnivore",0.00723099115092558,0.136,0.0001061872909699,NA
"1041","Mus musculus","MURIDAE","RODENTIA","TemperateConiferForests","Asia",20,80,16.1,2190,8.95,139.5,6.07,4.57,"Polygynous",757.495,4547.768,"Omnivore",0.00723099115092558,0.136,0.0001061872909699,NA
"1042","Mus musculus","MURIDAE","RODENTIA","FloodedGrasslandsSavannas","Asia",20,80,16.1,2190,8.95,139.5,6.07,4.57,"Polygynous",757.495,4547.768,"Omnivore",0.00723099115092558,0.136,0.0001061872909699,NA
"1043","Mus musculus","MURIDAE","RODENTIA","TemperateBroadleafMixedForests","Asia",20,80,16.1,2190,8.95,139.5,6.07,4.57,"Polygynous",757.495,4547.768,"Omnivore",0.00723099115092558,0.136,0.0001061872909699,NA
"1044","Mus musculus","MURIDAE","RODENTIA","TropicalSubtropicalMoistBroadleafForests","Asia",20,80,16.1,2190,8.95,139.5,6.07,4.57,"Polygynous",757.495,4547.768,"Omnivore",0.00723099115092558,0.136,0.0001061872909699,NA
"1045","Mus musculus","MURIDAE","RODENTIA","Tundra","Asia",20,80,16.1,2190,8.95,139.5,6.07,4.57,"Polygynous",757.495,4547.768,"Omnivore",0.00723099115092558,0.136,0.0001061872909699,NA
"1046","Mus musculus","MURIDAE","RODENTIA","TropicalSubtropicalDryBroadleafForests","Asia",20,80,16.1,2190,8.95,139.5,6.07,4.57,"Polygynous",757.495,4547.768,"Omnivore",0.00723099115092558,0.136,0.0001061872909699,NA
"1047","Mus musculus","MURIDAE","RODENTIA","BorealForestsTaiga","Asia",20,80,16.1,2190,8.95,139.5,6.07,4.57,"Polygynous",757.495,4547.768,"Omnivore",0.00723099115092558,0.136,0.0001061872909699,NA
"1048","Mus musculus","MURIDAE","RODENTIA","TropicalSubtropicalConiferousForests","Asia",20,80,16.1,2190,8.95,139.5,6.07,4.57,"Polygynous",757.495,4547.768,"Omnivore",0.00723099115092558,0.136,0.0001061872909699,NA
"1049","Mus musculus","MURIDAE","RODENTIA","Mangroves","Asia",20,80,16.1,2190,8.95,139.5,6.07,4.57,"Polygynous",757.495,4547.768,"Omnivore",0.00723099115092558,0.136,0.0001061872909699,NA
"1050","Mus musculus","MURIDAE","RODENTIA","TropicalSubtropicalGrasslands,SavannasShrublands","Asia",20,80,16.1,2190,8.95,139.5,6.07,4.57,"Polygynous",757.495,4547.768,"Omnivore",0.00723099115092558,0.136,0.0001061872909699,NA
"1051","Mus musculus","MURIDAE","RODENTIA","MediterraneanForests,WoodlandsScrub","Europe",20,80,16.1,2190,8.95,139.5,6.07,4.57,"Polygynous",757.495,4547.768,"Omnivore",0.00723099115092558,0.136,0.0001061872909699,NA
"1052","Mus musculus","MURIDAE","RODENTIA","TemperateConiferForests","Europe",20,80,16.1,2190,8.95,139.5,6.07,4.57,"Polygynous",757.495,4547.768,"Omnivore",0.00723099115092558,0.136,0.0001061872909699,NA
"1053","Mus musculus","MURIDAE","RODENTIA","TemperateBroadleafMixedForests","Europe",20,80,16.1,2190,8.95,139.5,6.07,4.57,"Polygynous",757.495,4547.768,"Omnivore",0.00723099115092558,0.136,0.0001061872909699,NA
"1054","Mus musculus","MURIDAE","RODENTIA","Tundra","Europe",20,80,16.1,2190,8.95,139.5,6.07,4.57,"Polygynous",757.495,4547.768,"Omnivore",0.00723099115092558,0.136,0.0001061872909699,NA
"1055","Mus musculus","MURIDAE","RODENTIA","DesertsXericShrublands","Europe",20,80,16.1,2190,8.95,139.5,6.07,4.57,"Polygynous",757.495,4547.768,"Omnivore",0.00723099115092558,0.136,0.0001061872909699,NA
"1056","Mus musculus","MURIDAE","RODENTIA","TemperateGrasslands,SavannasShrublands","Europe",20,80,16.1,2190,8.95,139.5,6.07,4.57,"Polygynous",757.495,4547.768,"Omnivore",0.00723099115092558,0.136,0.0001061872909699,NA
"1057","Mus musculus","MURIDAE","RODENTIA","BorealForestsTaiga","Europe",20,80,16.1,2190,8.95,139.5,6.07,4.57,"Polygynous",757.495,4547.768,"Omnivore",0.00723099115092558,0.136,0.0001061872909699,NA
"1058","Mus musculus","MURIDAE","RODENTIA","TropicalSubtropicalDryBroadleafForests","Africa",20,80,16.1,2190,8.95,139.5,6.07,4.57,"Polygynous",757.495,4547.768,"Omnivore",0.00723099115092558,0.136,0.0001061872909699,NA
"1059","Mus musculus","MURIDAE","RODENTIA","TemperateBroadleafMixedForests","Africa",20,80,16.1,2190,8.95,139.5,6.07,4.57,"Polygynous",757.495,4547.768,"Omnivore",0.00723099115092558,0.136,0.0001061872909699,NA
"1060","Mus musculus","MURIDAE","RODENTIA","Tundra","Australia",20,80,16.1,2190,8.95,139.5,6.07,4.57,"Polygynous",757.495,4547.768,"Omnivore",0.00723099115092558,0.136,0.0001061872909699,NA
"1061","Mus musculus","MURIDAE","RODENTIA","TropicalSubtropicalGrasslands,SavannasShrublands","Australia",20,80,16.1,2190,8.95,139.5,6.07,4.57,"Polygynous",757.495,4547.768,"Omnivore",0.00723099115092558,0.136,0.0001061872909699,NA
"1062","Mus musculus","MURIDAE","RODENTIA","MontaneGrasslandsShrublands","Australia",20,80,16.1,2190,8.95,139.5,6.07,4.57,"Polygynous",757.495,4547.768,"Omnivore",0.00723099115092558,0.136,0.0001061872909699,NA
"1063","Mus musculus","MURIDAE","RODENTIA","DesertsXericShrublands","Australia",20,80,16.1,2190,8.95,139.5,6.07,4.57,"Polygynous",757.495,4547.768,"Omnivore",0.00723099115092558,0.136,0.0001061872909699,NA
"1064","Mus musculus","MURIDAE","RODENTIA","MediterraneanForests,WoodlandsScrub","Australia",20,80,16.1,2190,8.95,139.5,6.07,4.57,"Polygynous",757.495,4547.768,"Omnivore",0.00723099115092558,0.136,0.0001061872909699,NA
"1065","Mus musculus","MURIDAE","RODENTIA","TemperateGrasslands,SavannasShrublands","Australia",20,80,16.1,2190,8.95,139.5,6.07,4.57,"Polygynous",757.495,4547.768,"Omnivore",0.00723099115092558,0.136,0.0001061872909699,NA
"1066","Mus musculus","MURIDAE","RODENTIA","TemperateBroadleafMixedForests","Australia",20,80,16.1,2190,8.95,139.5,6.07,4.57,"Polygynous",757.495,4547.768,"Omnivore",0.00723099115092558,0.136,0.0001061872909699,NA
"1067","Mus musculus","MURIDAE","RODENTIA","TropicalSubtropicalMoistBroadleafForests","Australia",20,80,16.1,2190,8.95,139.5,6.07,4.57,"Polygynous",757.495,4547.768,"Omnivore",0.00723099115092558,0.136,0.0001061872909699,NA
"1068","Mus musculus","MURIDAE","RODENTIA","Tundra","NorthAmerica",20,80,16.1,2190,8.95,139.5,6.07,4.57,"Polygynous",757.495,4547.768,"Omnivore",0.00723099115092558,0.136,0.0001061872909699,NA
"1069","Mus musculus","MURIDAE","RODENTIA","BorealForestsTaiga","NorthAmerica",20,80,16.1,2190,8.95,139.5,6.07,4.57,"Polygynous",757.495,4547.768,"Omnivore",0.00723099115092558,0.136,0.0001061872909699,NA
"1070","Mus musculus","MURIDAE","RODENTIA","TemperateConiferForests","NorthAmerica",20,80,16.1,2190,8.95,139.5,6.07,4.57,"Polygynous",757.495,4547.768,"Omnivore",0.00723099115092558,0.136,0.0001061872909699,NA
"1071","Mus musculus","MURIDAE","RODENTIA","TemperateBroadleafMixedForests","NorthAmerica",20,80,16.1,2190,8.95,139.5,6.07,4.57,"Polygynous",757.495,4547.768,"Omnivore",0.00723099115092558,0.136,0.0001061872909699,NA
"1072","Mus musculus","MURIDAE","RODENTIA","Mangroves","NorthAmerica",20,80,16.1,2190,8.95,139.5,6.07,4.57,"Polygynous",757.495,4547.768,"Omnivore",0.00723099115092558,0.136,0.0001061872909699,NA
"1073","Mus musculus","MURIDAE","RODENTIA","DesertsXericShrublands","NorthAmerica",20,80,16.1,2190,8.95,139.5,6.07,4.57,"Polygynous",757.495,4547.768,"Omnivore",0.00723099115092558,0.136,0.0001061872909699,NA
"1074","Mus musculus","MURIDAE","RODENTIA","TropicalSubtropicalDryBroadleafForests","NorthAmerica",20,80,16.1,2190,8.95,139.5,6.07,4.57,"Polygynous",757.495,4547.768,"Omnivore",0.00723099115092558,0.136,0.0001061872909699,NA
"1075","Mus musculus","MURIDAE","RODENTIA","TemperateGrasslands,SavannasShrublands","NorthAmerica",20,80,16.1,2190,8.95,139.5,6.07,4.57,"Polygynous",757.495,4547.768,"Omnivore",0.00723099115092558,0.136,0.0001061872909699,NA
"1076","Mus musculus","MURIDAE","RODENTIA","MediterraneanForests,WoodlandsScrub","NorthAmerica",20,80,16.1,2190,8.95,139.5,6.07,4.57,"Polygynous",757.495,4547.768,"Omnivore",0.00723099115092558,0.136,0.0001061872909699,NA
"1077","Mus musculus","MURIDAE","RODENTIA","TropicalSubtropicalMoistBroadleafForests","NorthAmerica",20,80,16.1,2190,8.95,139.5,6.07,4.57,"Polygynous",757.495,4547.768,"Omnivore",0.00723099115092558,0.136,0.0001061872909699,NA
"1078","Mus musculus","MURIDAE","RODENTIA","FloodedGrasslandsSavannas","NorthAmerica",20,80,16.1,2190,8.95,139.5,6.07,4.57,"Polygynous",757.495,4547.768,"Omnivore",0.00723099115092558,0.136,0.0001061872909699,NA
"1079","Mus musculus","MURIDAE","RODENTIA","TropicalSubtropicalConiferousForests","NorthAmerica",20,80,16.1,2190,8.95,139.5,6.07,4.57,"Polygynous",757.495,4547.768,"Omnivore",0.00723099115092558,0.136,0.0001061872909699,NA
"1080","Mus musculus","MURIDAE","RODENTIA","TropicalSubtropicalGrasslands,SavannasShrublands","NorthAmerica",20,80,16.1,2190,8.95,139.5,6.07,4.57,"Polygynous",757.495,4547.768,"Omnivore",0.00723099115092558,0.136,0.0001061872909699,NA
"1081","Mus musculus","MURIDAE","RODENTIA","TropicalSubtropicalMoistBroadleafForests","Oceania",20,80,16.1,2190,8.95,139.5,6.07,4.57,"Polygynous",757.495,4547.768,"Omnivore",0.00723099115092558,0.136,0.0001061872909699,NA
"1082","Mus musculus","MURIDAE","RODENTIA","Tundra","Oceania",20,80,16.1,2190,8.95,139.5,6.07,4.57,"Polygynous",757.495,4547.768,"Omnivore",0.00723099115092558,0.136,0.0001061872909699,NA
"1083","Mus musculus","MURIDAE","RODENTIA","TemperateGrasslands,SavannasShrublands","Oceania",20,80,16.1,2190,8.95,139.5,6.07,4.57,"Polygynous",757.495,4547.768,"Omnivore",0.00723099115092558,0.136,0.0001061872909699,NA
"1084","Mus musculus","MURIDAE","RODENTIA","TropicalSubtropicalDryBroadleafForests","Oceania",20,80,16.1,2190,8.95,139.5,6.07,4.57,"Polygynous",757.495,4547.768,"Omnivore",0.00723099115092558,0.136,0.0001061872909699,NA
"1085","Mus musculus","MURIDAE","RODENTIA","TemperateBroadleafMixedForests","Oceania",20,80,16.1,2190,8.95,139.5,6.07,4.57,"Polygynous",757.495,4547.768,"Omnivore",0.00723099115092558,0.136,0.0001061872909699,NA
"1086","Mus musculus","MURIDAE","RODENTIA","TropicalSubtropicalGrasslands,SavannasShrublands","Oceania",20,80,16.1,2190,8.95,139.5,6.07,4.57,"Polygynous",757.495,4547.768,"Omnivore",0.00723099115092558,0.136,0.0001061872909699,NA
"1087","Mus musculus","MURIDAE","RODENTIA","MontaneGrasslandsShrublands","Oceania",20,80,16.1,2190,8.95,139.5,6.07,4.57,"Polygynous",757.495,4547.768,"Omnivore",0.00723099115092558,0.136,0.0001061872909699,NA
"1088","Mus musculus","MURIDAE","RODENTIA","TropicalSubtropicalMoistBroadleafForests","SouthAmerica",20,80,16.1,2190,8.95,139.5,6.07,4.57,"Polygynous",757.495,4547.768,"Omnivore",0.00723099115092558,0.136,0.0001061872909699,NA
"1089","Mus musculus","MURIDAE","RODENTIA","Mangroves","SouthAmerica",20,80,16.1,2190,8.95,139.5,6.07,4.57,"Polygynous",757.495,4547.768,"Omnivore",0.00723099115092558,0.136,0.0001061872909699,NA
"1090","Mus musculus","MURIDAE","RODENTIA","TropicalSubtropicalDryBroadleafForests","SouthAmerica",20,80,16.1,2190,8.95,139.5,6.07,4.57,"Polygynous",757.495,4547.768,"Omnivore",0.00723099115092558,0.136,0.0001061872909699,NA
"1091","Mus musculus","MURIDAE","RODENTIA","DesertsXericShrublands","SouthAmerica",20,80,16.1,2190,8.95,139.5,6.07,4.57,"Polygynous",757.495,4547.768,"Omnivore",0.00723099115092558,0.136,0.0001061872909699,NA
"1092","Mus musculus","MURIDAE","RODENTIA","TropicalSubtropicalGrasslands,SavannasShrublands","SouthAmerica",20,80,16.1,2190,8.95,139.5,6.07,4.57,"Polygynous",757.495,4547.768,"Omnivore",0.00723099115092558,0.136,0.0001061872909699,NA
"1093","Mus musculus","MURIDAE","RODENTIA","MontaneGrasslandsShrublands","SouthAmerica",20,80,16.1,2190,8.95,139.5,6.07,4.57,"Polygynous",757.495,4547.768,"Omnivore",0.00723099115092558,0.136,0.0001061872909699,NA
"1094","Mus musculus","MURIDAE","RODENTIA","MediterraneanForests,WoodlandsScrub","SouthAmerica",20,80,16.1,2190,8.95,139.5,6.07,4.57,"Polygynous",757.495,4547.768,"Omnivore",0.00723099115092558,0.136,0.0001061872909699,NA
"1095","Mus musculus","MURIDAE","RODENTIA","TemperateGrasslands,SavannasShrublands","SouthAmerica",20,80,16.1,2190,8.95,139.5,6.07,4.57,"Polygynous",757.495,4547.768,"Omnivore",0.00723099115092558,0.136,0.0001061872909699,NA
"1096","Mus musculus","MURIDAE","RODENTIA","FloodedGrasslandsSavannas","SouthAmerica",20,80,16.1,2190,8.95,139.5,6.07,4.57,"Polygynous",757.495,4547.768,"Omnivore",0.00723099115092558,0.136,0.0001061872909699,NA
"1097","Mus musculus","MURIDAE","RODENTIA","TemperateBroadleafMixedForests","SouthAmerica",20,80,16.1,2190,8.95,139.5,6.07,4.57,"Polygynous",757.495,4547.768,"Omnivore",0.00723099115092558,0.136,0.0001061872909699,NA
"1098","Mus musculus","MURIDAE","RODENTIA","Tundra","Antarctica",20,80,16.1,2190,8.95,139.5,6.07,4.57,"Polygynous",757.495,4547.768,"Omnivore",0.00723099115092558,0.136,0.0001061872909699,NA
"1099","Erythrocebus patas","CERCOPITHECIDAE","PRIMATES","TropicalSubtropicalMoistBroadleafForests","Africa",0,100,8090,10329.5,1950,1079.79,1,1,"Polygynous
Polygynandrous (promiscuous)",18.89,113.409,"Herbivore",7.48555555555556,26.8,2.66,"Herbivore"
"1100","Erythrocebus patas","CERCOPITHECIDAE","PRIMATES","Mangroves","Africa",0,100,8090,10329.5,1950,1079.79,1,1,"Polygynous
Polygynandrous (promiscuous)",18.89,113.409,"Herbivore",7.48555555555556,26.8,2.66,"Herbivore"
"1101","Erythrocebus patas","CERCOPITHECIDAE","PRIMATES","TropicalSubtropicalGrasslands,SavannasShrublands","Africa",0,100,8090,10329.5,1950,1079.79,1,1,"Polygynous
Polygynandrous (promiscuous)",18.89,113.409,"Herbivore",7.48555555555556,26.8,2.66,"Herbivore"
"1102","Erythrocebus patas","CERCOPITHECIDAE","PRIMATES","FloodedGrasslandsSavannas","Africa",0,100,8090,10329.5,1950,1079.79,1,1,"Polygynous
Polygynandrous (promiscuous)",18.89,113.409,"Herbivore",7.48555555555556,26.8,2.66,"Herbivore"
"1103","Erythrocebus patas","CERCOPITHECIDAE","PRIMATES","MontaneGrasslandsShrublands","Africa",0,100,8090,10329.5,1950,1079.79,1,1,"Polygynous
Polygynandrous (promiscuous)",18.89,113.409,"Herbivore",7.48555555555556,26.8,2.66,"Herbivore"
"1104","Erythrocebus patas","CERCOPITHECIDAE","PRIMATES","DesertsXericShrublands","Africa",0,100,8090,10329.5,1950,1079.79,1,1,"Polygynous
Polygynandrous (promiscuous)",18.89,113.409,"Herbivore",7.48555555555556,26.8,2.66,"Herbivore"
"1105","Pan troglodytes","HOMINIDAE","PRIMATES","TropicalSubtropicalMoistBroadleafForests","Africa",8,92,42500,27010,8500,5073.5,1.075,0.2,"Polygynandrous (promiscuous)
Cooperative breeder",0.871,1.229,"Herbivore",13.5142048937857,60.98,0.08,"Herbivore"
"1106","Pan troglodytes","HOMINIDAE","PRIMATES","Mangroves","Africa",8,92,42500,27010,8500,5073.5,1.075,0.2,"Polygynandrous (promiscuous)
Cooperative breeder",0.871,1.229,"Herbivore",13.5142048937857,60.98,0.08,"Herbivore"
"1107","Pan troglodytes","HOMINIDAE","PRIMATES","TropicalSubtropicalGrasslands,SavannasShrublands","Africa",8,92,42500,27010,8500,5073.5,1.075,0.2,"Polygynandrous (promiscuous)
Cooperative breeder",0.871,1.229,"Herbivore",13.5142048937857,60.98,0.08,"Herbivore"
"1108","Pan troglodytes","HOMINIDAE","PRIMATES","MontaneGrasslandsShrublands","Africa",8,92,42500,27010,8500,5073.5,1.075,0.2,"Polygynandrous (promiscuous)
Cooperative breeder",0.871,1.229,"Herbivore",13.5142048937857,60.98,0.08,"Herbivore"
"1109","Pan troglodytes","HOMINIDAE","PRIMATES","FloodedGrasslandsSavannas","Africa",8,92,42500,27010,8500,5073.5,1.075,0.2,"Polygynandrous (promiscuous)
Cooperative breeder",0.871,1.229,"Herbivore",13.5142048937857,60.98,0.08,"Herbivore"
"1110","Glaucomys volans","SCIURIDAE","RODENTIA","TemperateBroadleafMixedForests","NorthAmerica",0,100,63.9,6935,46.2,375.375,3.13,1.665,"Polygynandrous (promiscuous)",530.125,1399.372,"Omnivore",0.0680523984767245,0.4623,0.000221495016,"Herbivore"
"1111","Glaucomys volans","SCIURIDAE","RODENTIA","TemperateConiferForests","NorthAmerica",0,100,63.9,6935,46.2,375.375,3.13,1.665,"Polygynandrous (promiscuous)",530.125,1399.372,"Omnivore",0.0680523984767245,0.4623,0.000221495016,"Herbivore"
"1112","Glaucomys volans","SCIURIDAE","RODENTIA","Mangroves","NorthAmerica",0,100,63.9,6935,46.2,375.375,3.13,1.665,"Polygynandrous (promiscuous)",530.125,1399.372,"Omnivore",0.0680523984767245,0.4623,0.000221495016,"Herbivore"
"1113","Glaucomys volans","SCIURIDAE","RODENTIA","TropicalSubtropicalDryBroadleafForests","NorthAmerica",0,100,63.9,6935,46.2,375.375,3.13,1.665,"Polygynandrous (promiscuous)",530.125,1399.372,"Omnivore",0.0680523984767245,0.4623,0.000221495016,"Herbivore"
"1114","Glaucomys volans","SCIURIDAE","RODENTIA","TropicalSubtropicalMoistBroadleafForests","NorthAmerica",0,100,63.9,6935,46.2,375.375,3.13,1.665,"Polygynandrous (promiscuous)",530.125,1399.372,"Omnivore",0.0680523984767245,0.4623,0.000221495016,"Herbivore"
"1115","Glaucomys volans","SCIURIDAE","RODENTIA","TropicalSubtropicalConiferousForests","NorthAmerica",0,100,63.9,6935,46.2,375.375,3.13,1.665,"Polygynandrous (promiscuous)",530.125,1399.372,"Omnivore",0.0680523984767245,0.4623,0.000221495016,"Herbivore"
"1116","Glaucomys volans","SCIURIDAE","RODENTIA","TemperateGrasslands,SavannasShrublands","NorthAmerica",0,100,63.9,6935,46.2,375.375,3.13,1.665,"Polygynandrous (promiscuous)",530.125,1399.372,"Omnivore",0.0680523984767245,0.4623,0.000221495016,"Herbivore"
"1117","Glaucomys volans","SCIURIDAE","RODENTIA","DesertsXericShrublands","NorthAmerica",0,100,63.9,6935,46.2,375.375,3.13,1.665,"Polygynandrous (promiscuous)",530.125,1399.372,"Omnivore",0.0680523984767245,0.4623,0.000221495016,"Herbivore"
"1118","Glaucomys volans","SCIURIDAE","RODENTIA","FloodedGrasslandsSavannas","NorthAmerica",0,100,63.9,6935,46.2,375.375,3.13,1.665,"Polygynandrous (promiscuous)",530.125,1399.372,"Omnivore",0.0680523984767245,0.4623,0.000221495016,"Herbivore"
"1119","Glaucomys volans","SCIURIDAE","RODENTIA","TropicalSubtropicalGrasslands,SavannasShrublands","NorthAmerica",0,100,63.9,6935,46.2,375.375,3.13,1.665,"Polygynandrous (promiscuous)",530.125,1399.372,"Omnivore",0.0680523984767245,0.4623,0.000221495016,"Herbivore"
"1120","Plecotus auritus","VESPERTILIONIDAE","CHIROPTERA","MediterraneanForests,WoodlandsScrub","Asia",100,0,7.8,10950,5.7,730,1.275,1,"Polygynandrous (promiscuous)",4.421,11.916,"Carnivore",0.434190909090909,1.0325,0.044,"Carnivore"
"1121","Plecotus auritus","VESPERTILIONIDAE","CHIROPTERA","TemperateBroadleafMixedForests","Asia",100,0,7.8,10950,5.7,730,1.275,1,"Polygynandrous (promiscuous)",4.421,11.916,"Carnivore",0.434190909090909,1.0325,0.044,"Carnivore"
"1122","Plecotus auritus","VESPERTILIONIDAE","CHIROPTERA","TemperateGrasslands,SavannasShrublands","Asia",100,0,7.8,10950,5.7,730,1.275,1,"Polygynandrous (promiscuous)",4.421,11.916,"Carnivore",0.434190909090909,1.0325,0.044,"Carnivore"
"1123","Plecotus auritus","VESPERTILIONIDAE","CHIROPTERA","BorealForestsTaiga","Asia",100,0,7.8,10950,5.7,730,1.275,1,"Polygynandrous (promiscuous)",4.421,11.916,"Carnivore",0.434190909090909,1.0325,0.044,"Carnivore"
"1124","Plecotus auritus","VESPERTILIONIDAE","CHIROPTERA","MediterraneanForests,WoodlandsScrub","Europe",100,0,7.8,10950,5.7,730,1.275,1,"Polygynandrous (promiscuous)",4.421,11.916,"Carnivore",0.434190909090909,1.0325,0.044,"Carnivore"
"1125","Plecotus auritus","VESPERTILIONIDAE","CHIROPTERA","TemperateConiferForests","Europe",100,0,7.8,10950,5.7,730,1.275,1,"Polygynandrous (promiscuous)",4.421,11.916,"Carnivore",0.434190909090909,1.0325,0.044,"Carnivore"
"1126","Plecotus auritus","VESPERTILIONIDAE","CHIROPTERA","TemperateBroadleafMixedForests","Europe",100,0,7.8,10950,5.7,730,1.275,1,"Polygynandrous (promiscuous)",4.421,11.916,"Carnivore",0.434190909090909,1.0325,0.044,"Carnivore"
"1127","Plecotus auritus","VESPERTILIONIDAE","CHIROPTERA","TemperateGrasslands,SavannasShrublands","Europe",100,0,7.8,10950,5.7,730,1.275,1,"Polygynandrous (promiscuous)",4.421,11.916,"Carnivore",0.434190909090909,1.0325,0.044,"Carnivore"
"1128","Plecotus auritus","VESPERTILIONIDAE","CHIROPTERA","BorealForestsTaiga","Europe",100,0,7.8,10950,5.7,730,1.275,1,"Polygynandrous (promiscuous)",4.421,11.916,"Carnivore",0.434190909090909,1.0325,0.044,"Carnivore"
"1129","Plecotus auritus","VESPERTILIONIDAE","CHIROPTERA","Tundra","Europe",100,0,7.8,10950,5.7,730,1.275,1,"Polygynandrous (promiscuous)",4.421,11.916,"Carnivore",0.434190909090909,1.0325,0.044,"Carnivore"
"1130","Callithrix jacchus","CALLITRICHIDAE","PRIMATES","Mangroves","SouthAmerica",30,70,292,8318.958,96.8,555.1,2.24,2,"Polyandrous
Cooperative breeder",258.185,514.484,"Omnivore",0.0345391304347826,0.089,0.0072,NA
"1131","Callithrix jacchus","CALLITRICHIDAE","PRIMATES","TropicalSubtropicalMoistBroadleafForests","SouthAmerica",30,70,292,8318.958,96.8,555.1,2.24,2,"Polyandrous
Cooperative breeder",258.185,514.484,"Omnivore",0.0345391304347826,0.089,0.0072,NA
"1132","Callithrix jacchus","CALLITRICHIDAE","PRIMATES","TropicalSubtropicalDryBroadleafForests","SouthAmerica",30,70,292,8318.958,96.8,555.1,2.24,2,"Polyandrous
Cooperative breeder",258.185,514.484,"Omnivore",0.0345391304347826,0.089,0.0072,NA
"1133","Callithrix jacchus","CALLITRICHIDAE","PRIMATES","TropicalSubtropicalGrasslands,SavannasShrublands","SouthAmerica",30,70,292,8318.958,96.8,555.1,2.24,2,"Polyandrous
Cooperative breeder",258.185,514.484,"Omnivore",0.0345391304347826,0.089,0.0072,NA
"1134","Crocuta crocuta","HYAENIDAE","CARNIVORA","TropicalSubtropicalMoistBroadleafForests","Africa",100,0,62999.9,15001.5,14500,900.705,2,1,"Polygynous",0.208,0.359,"Carnivore",128.126166666667,816,10.9,"Carnivore"
"1135","Crocuta crocuta","HYAENIDAE","CARNIVORA","MontaneGrasslandsShrublands","Africa",100,0,62999.9,15001.5,14500,900.705,2,1,"Polygynous",0.208,0.359,"Carnivore",128.126166666667,816,10.9,"Carnivore"
"1136","Crocuta crocuta","HYAENIDAE","CARNIVORA","TropicalSubtropicalGrasslands,SavannasShrublands","Africa",100,0,62999.9,15001.5,14500,900.705,2,1,"Polygynous",0.208,0.359,"Carnivore",128.126166666667,816,10.9,"Carnivore"
"1137","Crocuta crocuta","HYAENIDAE","CARNIVORA","DesertsXericShrublands","Africa",100,0,62999.9,15001.5,14500,900.705,2,1,"Polygynous",0.208,0.359,"Carnivore",128.126166666667,816,10.9,"Carnivore"
"1138","Crocuta crocuta","HYAENIDAE","CARNIVORA","Mangroves","Africa",100,0,62999.9,15001.5,14500,900.705,2,1,"Polygynous",0.208,0.359,"Carnivore",128.126166666667,816,10.9,"Carnivore"
"1139","Crocuta crocuta","HYAENIDAE","CARNIVORA","FloodedGrasslandsSavannas","Africa",100,0,62999.9,15001.5,14500,900.705,2,1,"Polygynous",0.208,0.359,"Carnivore",128.126166666667,816,10.9,"Carnivore"
"1140","Crocuta crocuta","HYAENIDAE","CARNIVORA","TropicalSubtropicalDryBroadleafForests","Africa",100,0,62999.9,15001.5,14500,900.705,2,1,"Polygynous",0.208,0.359,"Carnivore",128.126166666667,816,10.9,"Carnivore"
"1141","Perameles nasuta","PERAMELIDAE","PERAMELEMORPHIA","MontaneGrasslandsShrublands","Australia",90,10,975,2044,128.03,121.66,2.565,2.92,"Polygynous",8.395,50.398,"Omnivore",0.0446714285714286,0.136,0.008,"Carnivore"
"1142","Perameles nasuta","PERAMELIDAE","PERAMELEMORPHIA","TropicalSubtropicalGrasslands,SavannasShrublands","Australia",90,10,975,2044,128.03,121.66,2.565,2.92,"Polygynous",8.395,50.398,"Omnivore",0.0446714285714286,0.136,0.008,"Carnivore"
"1143","Perameles nasuta","PERAMELIDAE","PERAMELEMORPHIA","TemperateBroadleafMixedForests","Australia",90,10,975,2044,128.03,121.66,2.565,2.92,"Polygynous",8.395,50.398,"Omnivore",0.0446714285714286,0.136,0.008,"Carnivore"
"1144","Perameles nasuta","PERAMELIDAE","PERAMELEMORPHIA","TropicalSubtropicalMoistBroadleafForests","Australia",90,10,975,2044,128.03,121.66,2.565,2.92,"Polygynous",8.395,50.398,"Omnivore",0.0446714285714286,0.136,0.008,"Carnivore"
"1145","Perameles nasuta","PERAMELIDAE","PERAMELEMORPHIA","TemperateGrasslands,SavannasShrublands","Australia",90,10,975,2044,128.03,121.66,2.565,2.92,"Polygynous",8.395,50.398,"Omnivore",0.0446714285714286,0.136,0.008,"Carnivore"
"1146","Callithrix flaviceps","CALLITRICHIDAE","PRIMATES","TropicalSubtropicalMoistBroadleafForests","SouthAmerica",30,70,342,8318.958,96.8,621,2.12,2,"Monogamous
Polyandrous
Polygynous",24.973,65.954,"Omnivore",0.355,0.355,0.355,NA
"1147","Callithrix flaviceps","CALLITRICHIDAE","PRIMATES","TropicalSubtropicalGrasslands,SavannasShrublands","SouthAmerica",30,70,342,8318.958,96.8,621,2.12,2,"Monogamous
Polyandrous
Polygynous",24.973,65.954,"Omnivore",0.355,0.355,0.355,NA
"1148","Philander opossum","DIDELPHIDAE","DIDELPHIMORPHIA","TropicalSubtropicalDryBroadleafForests","NorthAmerica",90,10,585.5,1609.042,78.955,243.33,4.6,2.5,"Polygynous",14.251,44.684,"Omnivore",0.0039,0.0039,0.0039,"Carnivore"
"1149","Philander opossum","DIDELPHIDAE","DIDELPHIMORPHIA","TropicalSubtropicalGrasslands,SavannasShrublands","NorthAmerica",90,10,585.5,1609.042,78.955,243.33,4.6,2.5,"Polygynous",14.251,44.684,"Omnivore",0.0039,0.0039,0.0039,"Carnivore"
"1150","Philander opossum","DIDELPHIDAE","DIDELPHIMORPHIA","TropicalSubtropicalMoistBroadleafForests","NorthAmerica",90,10,585.5,1609.042,78.955,243.33,4.6,2.5,"Polygynous",14.251,44.684,"Omnivore",0.0039,0.0039,0.0039,"Carnivore"
"1151","Philander opossum","DIDELPHIDAE","DIDELPHIMORPHIA","TropicalSubtropicalConiferousForests","NorthAmerica",90,10,585.5,1609.042,78.955,243.33,4.6,2.5,"Polygynous",14.251,44.684,"Omnivore",0.0039,0.0039,0.0039,"Carnivore"
"1152","Philander opossum","DIDELPHIDAE","DIDELPHIMORPHIA","Mangroves","NorthAmerica",90,10,585.5,1609.042,78.955,243.33,4.6,2.5,"Polygynous",14.251,44.684,"Omnivore",0.0039,0.0039,0.0039,"Carnivore"
"1153","Philander opossum","DIDELPHIDAE","DIDELPHIMORPHIA","DesertsXericShrublands","NorthAmerica",90,10,585.5,1609.042,78.955,243.33,4.6,2.5,"Polygynous",14.251,44.684,"Omnivore",0.0039,0.0039,0.0039,"Carnivore"
"1154","Philander opossum","DIDELPHIDAE","DIDELPHIMORPHIA","TropicalSubtropicalMoistBroadleafForests","SouthAmerica",90,10,585.5,1609.042,78.955,243.33,4.6,2.5,"Polygynous",14.251,44.684,"Omnivore",0.0039,0.0039,0.0039,"Carnivore"
"1155","Philander opossum","DIDELPHIDAE","DIDELPHIMORPHIA","Mangroves","SouthAmerica",90,10,585.5,1609.042,78.955,243.33,4.6,2.5,"Polygynous",14.251,44.684,"Omnivore",0.0039,0.0039,0.0039,"Carnivore"
"1156","Philander opossum","DIDELPHIDAE","DIDELPHIMORPHIA","TropicalSubtropicalDryBroadleafForests","SouthAmerica",90,10,585.5,1609.042,78.955,243.33,4.6,2.5,"Polygynous",14.251,44.684,"Omnivore",0.0039,0.0039,0.0039,"Carnivore"
"1157","Philander opossum","DIDELPHIDAE","DIDELPHIMORPHIA","TropicalSubtropicalGrasslands,SavannasShrublands","SouthAmerica",90,10,585.5,1609.042,78.955,243.33,4.6,2.5,"Polygynous",14.251,44.684,"Omnivore",0.0039,0.0039,0.0039,"Carnivore"
"1158","Philander opossum","DIDELPHIDAE","DIDELPHIMORPHIA","MontaneGrasslandsShrublands","SouthAmerica",90,10,585.5,1609.042,78.955,243.33,4.6,2.5,"Polygynous",14.251,44.684,"Omnivore",0.0039,0.0039,0.0039,"Carnivore"
"1159","Philander opossum","DIDELPHIDAE","DIDELPHIMORPHIA","DesertsXericShrublands","SouthAmerica",90,10,585.5,1609.042,78.955,243.33,4.6,2.5,"Polygynous",14.251,44.684,"Omnivore",0.0039,0.0039,0.0039,"Carnivore"
"1160","Philander opossum","DIDELPHIDAE","DIDELPHIMORPHIA","FloodedGrasslandsSavannas","SouthAmerica",90,10,585.5,1609.042,78.955,243.33,4.6,2.5,"Polygynous",14.251,44.684,"Omnivore",0.0039,0.0039,0.0039,"Carnivore"
"1161","Erethizon dorsatum","ERETHIZONTIDAE","RODENTIA","Tundra","NorthAmerica",0,100,7085.3,8541,1000,983.065,1,1,"Polygynous",6.633,20.932,"Herbivore",0.343640625,2.665,0.008,"Herbivore"
"1162","Erethizon dorsatum","ERETHIZONTIDAE","RODENTIA","BorealForestsTaiga","NorthAmerica",0,100,7085.3,8541,1000,983.065,1,1,"Polygynous",6.633,20.932,"Herbivore",0.343640625,2.665,0.008,"Herbivore"
"1163","Erethizon dorsatum","ERETHIZONTIDAE","RODENTIA","TemperateConiferForests","NorthAmerica",0,100,7085.3,8541,1000,983.065,1,1,"Polygynous",6.633,20.932,"Herbivore",0.343640625,2.665,0.008,"Herbivore"
"1164","Erethizon dorsatum","ERETHIZONTIDAE","RODENTIA","TemperateBroadleafMixedForests","NorthAmerica",0,100,7085.3,8541,1000,983.065,1,1,"Polygynous",6.633,20.932,"Herbivore",0.343640625,2.665,0.008,"Herbivore"
"1165","Erethizon dorsatum","ERETHIZONTIDAE","RODENTIA","TemperateGrasslands,SavannasShrublands","NorthAmerica",0,100,7085.3,8541,1000,983.065,1,1,"Polygynous",6.633,20.932,"Herbivore",0.343640625,2.665,0.008,"Herbivore"
"1166","Erethizon dorsatum","ERETHIZONTIDAE","RODENTIA","MediterraneanForests,WoodlandsScrub","NorthAmerica",0,100,7085.3,8541,1000,983.065,1,1,"Polygynous",6.633,20.932,"Herbivore",0.343640625,2.665,0.008,"Herbivore"
"1167","Erethizon dorsatum","ERETHIZONTIDAE","RODENTIA","DesertsXericShrublands","NorthAmerica",0,100,7085.3,8541,1000,983.065,1,1,"Polygynous",6.633,20.932,"Herbivore",0.343640625,2.665,0.008,"Herbivore"
"1168","Erethizon dorsatum","ERETHIZONTIDAE","RODENTIA","Mangroves","NorthAmerica",0,100,7085.3,8541,1000,983.065,1,1,"Polygynous",6.633,20.932,"Herbivore",0.343640625,2.665,0.008,"Herbivore"
"1169","Erethizon dorsatum","ERETHIZONTIDAE","RODENTIA","TropicalSubtropicalConiferousForests","NorthAmerica",0,100,7085.3,8541,1000,983.065,1,1,"Polygynous",6.633,20.932,"Herbivore",0.343640625,2.665,0.008,"Herbivore"
"1170","Erethizon dorsatum","ERETHIZONTIDAE","RODENTIA","TropicalSubtropicalDryBroadleafForests","NorthAmerica",0,100,7085.3,8541,1000,983.065,1,1,"Polygynous",6.633,20.932,"Herbivore",0.343640625,2.665,0.008,"Herbivore"
"1171","Sylvilagus floridanus","LEPORIDAE","LAGOMORPHA","TemperateBroadleafMixedForests","NorthAmerica",0,100,1172.8,3577,118.5,134.55,5,3.9,"Polygynous",141.618,443.987,"Herbivore",0.0318815820325587,0.261,0.001,"Herbivore"
"1172","Sylvilagus floridanus","LEPORIDAE","LAGOMORPHA","TemperateConiferForests","NorthAmerica",0,100,1172.8,3577,118.5,134.55,5,3.9,"Polygynous",141.618,443.987,"Herbivore",0.0318815820325587,0.261,0.001,"Herbivore"
"1173","Sylvilagus floridanus","LEPORIDAE","LAGOMORPHA","Mangroves","NorthAmerica",0,100,1172.8,3577,118.5,134.55,5,3.9,"Polygynous",141.618,443.987,"Herbivore",0.0318815820325587,0.261,0.001,"Herbivore"
"1174","Sylvilagus floridanus","LEPORIDAE","LAGOMORPHA","TropicalSubtropicalDryBroadleafForests","NorthAmerica",0,100,1172.8,3577,118.5,134.55,5,3.9,"Polygynous",141.618,443.987,"Herbivore",0.0318815820325587,0.261,0.001,"Herbivore"
"1175","Sylvilagus floridanus","LEPORIDAE","LAGOMORPHA","TemperateGrasslands,SavannasShrublands","NorthAmerica",0,100,1172.8,3577,118.5,134.55,5,3.9,"Polygynous",141.618,443.987,"Herbivore",0.0318815820325587,0.261,0.001,"Herbivore"
"1176","Sylvilagus floridanus","LEPORIDAE","LAGOMORPHA","TropicalSubtropicalMoistBroadleafForests","NorthAmerica",0,100,1172.8,3577,118.5,134.55,5,3.9,"Polygynous",141.618,443.987,"Herbivore",0.0318815820325587,0.261,0.001,"Herbivore"
"1177","Sylvilagus floridanus","LEPORIDAE","LAGOMORPHA","TropicalSubtropicalConiferousForests","NorthAmerica",0,100,1172.8,3577,118.5,134.55,5,3.9,"Polygynous",141.618,443.987,"Herbivore",0.0318815820325587,0.261,0.001,"Herbivore"
"1178","Sylvilagus floridanus","LEPORIDAE","LAGOMORPHA","DesertsXericShrublands","NorthAmerica",0,100,1172.8,3577,118.5,134.55,5,3.9,"Polygynous",141.618,443.987,"Herbivore",0.0318815820325587,0.261,0.001,"Herbivore"
"1179","Sylvilagus floridanus","LEPORIDAE","LAGOMORPHA","FloodedGrasslandsSavannas","NorthAmerica",0,100,1172.8,3577,118.5,134.55,5,3.9,"Polygynous",141.618,443.987,"Herbivore",0.0318815820325587,0.261,0.001,"Herbivore"
"1180","Sylvilagus floridanus","LEPORIDAE","LAGOMORPHA","BorealForestsTaiga","NorthAmerica",0,100,1172.8,3577,118.5,134.55,5,3.9,"Polygynous",141.618,443.987,"Herbivore",0.0318815820325587,0.261,0.001,"Herbivore"
"1181","Sylvilagus floridanus","LEPORIDAE","LAGOMORPHA","TropicalSubtropicalGrasslands,SavannasShrublands","NorthAmerica",0,100,1172.8,3577,118.5,134.55,5,3.9,"Polygynous",141.618,443.987,"Herbivore",0.0318815820325587,0.261,0.001,"Herbivore"
"1182","Sylvilagus floridanus","LEPORIDAE","LAGOMORPHA","Mangroves","SouthAmerica",0,100,1172.8,3577,118.5,134.55,5,3.9,"Polygynous",141.618,443.987,"Herbivore",0.0318815820325587,0.261,0.001,"Herbivore"
"1183","Sylvilagus floridanus","LEPORIDAE","LAGOMORPHA","TropicalSubtropicalDryBroadleafForests","SouthAmerica",0,100,1172.8,3577,118.5,134.55,5,3.9,"Polygynous",141.618,443.987,"Herbivore",0.0318815820325587,0.261,0.001,"Herbivore"
"1184","Sylvilagus floridanus","LEPORIDAE","LAGOMORPHA","DesertsXericShrublands","SouthAmerica",0,100,1172.8,3577,118.5,134.55,5,3.9,"Polygynous",141.618,443.987,"Herbivore",0.0318815820325587,0.261,0.001,"Herbivore"
"1185","Sylvilagus floridanus","LEPORIDAE","LAGOMORPHA","TropicalSubtropicalMoistBroadleafForests","SouthAmerica",0,100,1172.8,3577,118.5,134.55,5,3.9,"Polygynous",141.618,443.987,"Herbivore",0.0318815820325587,0.261,0.001,"Herbivore"
"1186","Sylvilagus floridanus","LEPORIDAE","LAGOMORPHA","MontaneGrasslandsShrublands","SouthAmerica",0,100,1172.8,3577,118.5,134.55,5,3.9,"Polygynous",141.618,443.987,"Herbivore",0.0318815820325587,0.261,0.001,"Herbivore"
"1187","Sylvilagus floridanus","LEPORIDAE","LAGOMORPHA","TropicalSubtropicalGrasslands,SavannasShrublands","SouthAmerica",0,100,1172.8,3577,118.5,134.55,5,3.9,"Polygynous",141.618,443.987,"Herbivore",0.0318815820325587,0.261,0.001,"Herbivore"
"1188","Sylvilagus floridanus","LEPORIDAE","LAGOMORPHA","FloodedGrasslandsSavannas","SouthAmerica",0,100,1172.8,3577,118.5,134.55,5,3.9,"Polygynous",141.618,443.987,"Herbivore",0.0318815820325587,0.261,0.001,"Herbivore"
"1189","Prionailurus bengalensis","FELIDAE","CARNIVORA","TropicalSubtropicalMoistBroadleafForests","Asia",100,0,3300,6314.5,620,921.4,2.5,1.64,"Polygynous",0.123,0.296,"Carnivore",3.52106666666667,18.5,0.11,"Carnivore"
"1190","Prionailurus bengalensis","FELIDAE","CARNIVORA","TropicalSubtropicalDryBroadleafForests","Asia",100,0,3300,6314.5,620,921.4,2.5,1.64,"Polygynous",0.123,0.296,"Carnivore",3.52106666666667,18.5,0.11,"Carnivore"
"1191","Prionailurus bengalensis","FELIDAE","CARNIVORA","Mangroves","Asia",100,0,3300,6314.5,620,921.4,2.5,1.64,"Polygynous",0.123,0.296,"Carnivore",3.52106666666667,18.5,0.11,"Carnivore"
"1192","Prionailurus bengalensis","FELIDAE","CARNIVORA","TropicalSubtropicalGrasslands,SavannasShrublands","Asia",100,0,3300,6314.5,620,921.4,2.5,1.64,"Polygynous",0.123,0.296,"Carnivore",3.52106666666667,18.5,0.11,"Carnivore"
"1193","Prionailurus bengalensis","FELIDAE","CARNIVORA","DesertsXericShrublands","Asia",100,0,3300,6314.5,620,921.4,2.5,1.64,"Polygynous",0.123,0.296,"Carnivore",3.52106666666667,18.5,0.11,"Carnivore"
"1194","Prionailurus bengalensis","FELIDAE","CARNIVORA","FloodedGrasslandsSavannas","Asia",100,0,3300,6314.5,620,921.4,2.5,1.64,"Polygynous",0.123,0.296,"Carnivore",3.52106666666667,18.5,0.11,"Carnivore"
"1195","Prionailurus bengalensis","FELIDAE","CARNIVORA","TemperateBroadleafMixedForests","Asia",100,0,3300,6314.5,620,921.4,2.5,1.64,"Polygynous",0.123,0.296,"Carnivore",3.52106666666667,18.5,0.11,"Carnivore"
"1196","Prionailurus bengalensis","FELIDAE","CARNIVORA","MontaneGrasslandsShrublands","Asia",100,0,3300,6314.5,620,921.4,2.5,1.64,"Polygynous",0.123,0.296,"Carnivore",3.52106666666667,18.5,0.11,"Carnivore"
"1197","Prionailurus bengalensis","FELIDAE","CARNIVORA","TemperateConiferForests","Asia",100,0,3300,6314.5,620,921.4,2.5,1.64,"Polygynous",0.123,0.296,"Carnivore",3.52106666666667,18.5,0.11,"Carnivore"
"1198","Prionailurus bengalensis","FELIDAE","CARNIVORA","TemperateGrasslands,SavannasShrublands","Asia",100,0,3300,6314.5,620,921.4,2.5,1.64,"Polygynous",0.123,0.296,"Carnivore",3.52106666666667,18.5,0.11,"Carnivore"
"1199","Prionailurus bengalensis","FELIDAE","CARNIVORA","TropicalSubtropicalConiferousForests","Asia",100,0,3300,6314.5,620,921.4,2.5,1.64,"Polygynous",0.123,0.296,"Carnivore",3.52106666666667,18.5,0.11,"Carnivore"
"1200","Prionailurus bengalensis","FELIDAE","CARNIVORA","BorealForestsTaiga","Asia",100,0,3300,6314.5,620,921.4,2.5,1.64,"Polygynous",0.123,0.296,"Carnivore",3.52106666666667,18.5,0.11,"Carnivore"
"1201","Puma concolor","FELIDAE","CARNIVORA","TemperateConiferForests","NorthAmerica",100,0,51600,8687,3500,623.54,2.76,0.47,"Polygynous",0.061,0.103,"Carnivore",325.781363253086,7010,3,"Carnivore"
"1202","Puma concolor","FELIDAE","CARNIVORA","Mangroves","NorthAmerica",100,0,51600,8687,3500,623.54,2.76,0.47,"Polygynous",0.061,0.103,"Carnivore",325.781363253086,7010,3,"Carnivore"
"1203","Puma concolor","FELIDAE","CARNIVORA","DesertsXericShrublands","NorthAmerica",100,0,51600,8687,3500,623.54,2.76,0.47,"Polygynous",0.061,0.103,"Carnivore",325.781363253086,7010,3,"Carnivore"
"1204","Puma concolor","FELIDAE","CARNIVORA","TropicalSubtropicalDryBroadleafForests","NorthAmerica",100,0,51600,8687,3500,623.54,2.76,0.47,"Polygynous",0.061,0.103,"Carnivore",325.781363253086,7010,3,"Carnivore"
"1205","Puma concolor","FELIDAE","CARNIVORA","TropicalSubtropicalGrasslands,SavannasShrublands","NorthAmerica",100,0,51600,8687,3500,623.54,2.76,0.47,"Polygynous",0.061,0.103,"Carnivore",325.781363253086,7010,3,"Carnivore"
"1206","Puma concolor","FELIDAE","CARNIVORA","TemperateGrasslands,SavannasShrublands","NorthAmerica",100,0,51600,8687,3500,623.54,2.76,0.47,"Polygynous",0.061,0.103,"Carnivore",325.781363253086,7010,3,"Carnivore"
"1207","Puma concolor","FELIDAE","CARNIVORA","MediterraneanForests,WoodlandsScrub","NorthAmerica",100,0,51600,8687,3500,623.54,2.76,0.47,"Polygynous",0.061,0.103,"Carnivore",325.781363253086,7010,3,"Carnivore"
"1208","Puma concolor","FELIDAE","CARNIVORA","TropicalSubtropicalMoistBroadleafForests","NorthAmerica",100,0,51600,8687,3500,623.54,2.76,0.47,"Polygynous",0.061,0.103,"Carnivore",325.781363253086,7010,3,"Carnivore"
"1209","Puma concolor","FELIDAE","CARNIVORA","TropicalSubtropicalConiferousForests","NorthAmerica",100,0,51600,8687,3500,623.54,2.76,0.47,"Polygynous",0.061,0.103,"Carnivore",325.781363253086,7010,3,"Carnivore"
"1210","Puma concolor","FELIDAE","CARNIVORA","FloodedGrasslandsSavannas","NorthAmerica",100,0,51600,8687,3500,623.54,2.76,0.47,"Polygynous",0.061,0.103,"Carnivore",325.781363253086,7010,3,"Carnivore"
"1211","Puma concolor","FELIDAE","CARNIVORA","BorealForestsTaiga","NorthAmerica",100,0,51600,8687,3500,623.54,2.76,0.47,"Polygynous",0.061,0.103,"Carnivore",325.781363253086,7010,3,"Carnivore"
"1212","Puma concolor","FELIDAE","CARNIVORA","Tundra","NorthAmerica",100,0,51600,8687,3500,623.54,2.76,0.47,"Polygynous",0.061,0.103,"Carnivore",325.781363253086,7010,3,"Carnivore"
"1213","Puma concolor","FELIDAE","CARNIVORA","TropicalSubtropicalMoistBroadleafForests","SouthAmerica",100,0,51600,8687,3500,623.54,2.76,0.47,"Polygynous",0.061,0.103,"Carnivore",325.781363253086,7010,3,"Carnivore"
"1214","Puma concolor","FELIDAE","CARNIVORA","Mangroves","SouthAmerica",100,0,51600,8687,3500,623.54,2.76,0.47,"Polygynous",0.061,0.103,"Carnivore",325.781363253086,7010,3,"Carnivore"
"1215","Puma concolor","FELIDAE","CARNIVORA","TropicalSubtropicalDryBroadleafForests","SouthAmerica",100,0,51600,8687,3500,623.54,2.76,0.47,"Polygynous",0.061,0.103,"Carnivore",325.781363253086,7010,3,"Carnivore"
"1216","Puma concolor","FELIDAE","CARNIVORA","DesertsXericShrublands","SouthAmerica",100,0,51600,8687,3500,623.54,2.76,0.47,"Polygynous",0.061,0.103,"Carnivore",325.781363253086,7010,3,"Carnivore"
"1217","Puma concolor","FELIDAE","CARNIVORA","TropicalSubtropicalGrasslands,SavannasShrublands","SouthAmerica",100,0,51600,8687,3500,623.54,2.76,0.47,"Polygynous",0.061,0.103,"Carnivore",325.781363253086,7010,3,"Carnivore"
"1218","Puma concolor","FELIDAE","CARNIVORA","MontaneGrasslandsShrublands","SouthAmerica",100,0,51600,8687,3500,623.54,2.76,0.47,"Polygynous",0.061,0.103,"Carnivore",325.781363253086,7010,3,"Carnivore"
"1219","Puma concolor","FELIDAE","CARNIVORA","MediterraneanForests,WoodlandsScrub","SouthAmerica",100,0,51600,8687,3500,623.54,2.76,0.47,"Polygynous",0.061,0.103,"Carnivore",325.781363253086,7010,3,"Carnivore"
"1220","Puma concolor","FELIDAE","CARNIVORA","TemperateGrasslands,SavannasShrublands","SouthAmerica",100,0,51600,8687,3500,623.54,2.76,0.47,"Polygynous",0.061,0.103,"Carnivore",325.781363253086,7010,3,"Carnivore"
"1221","Puma concolor","FELIDAE","CARNIVORA","FloodedGrasslandsSavannas","SouthAmerica",100,0,51600,8687,3500,623.54,2.76,0.47,"Polygynous",0.061,0.103,"Carnivore",325.781363253086,7010,3,"Carnivore"
"1222","Puma concolor","FELIDAE","CARNIVORA","TemperateBroadleafMixedForests","SouthAmerica",100,0,51600,8687,3500,623.54,2.76,0.47,"Polygynous",0.061,0.103,"Carnivore",325.781363253086,7010,3,"Carnivore"
"1223","Rattus rattus","MURIDAE","RODENTIA","TropicalSubtropicalGrasslands,SavannasShrublands","Africa",30,70,178.3,1533,39.69,143.14,5.95,4.28,"Polygynous",164.981,522.18,"Omnivore",0.00999608759191809,0.458,5e-05,NA
"1224","Rattus rattus","MURIDAE","RODENTIA","MediterraneanForests,WoodlandsScrub","Africa",30,70,178.3,1533,39.69,143.14,5.95,4.28,"Polygynous",164.981,522.18,"Omnivore",0.00999608759191809,0.458,5e-05,NA
"1225","Rattus rattus","MURIDAE","RODENTIA","TropicalSubtropicalMoistBroadleafForests","Africa",30,70,178.3,1533,39.69,143.14,5.95,4.28,"Polygynous",164.981,522.18,"Omnivore",0.00999608759191809,0.458,5e-05,NA
"1226","Rattus rattus","MURIDAE","RODENTIA","DesertsXericShrublands","Africa",30,70,178.3,1533,39.69,143.14,5.95,4.28,"Polygynous",164.981,522.18,"Omnivore",0.00999608759191809,0.458,5e-05,NA
"1227","Rattus rattus","MURIDAE","RODENTIA","MontaneGrasslandsShrublands","Africa",30,70,178.3,1533,39.69,143.14,5.95,4.28,"Polygynous",164.981,522.18,"Omnivore",0.00999608759191809,0.458,5e-05,NA
"1228","Rattus rattus","MURIDAE","RODENTIA","TemperateBroadleafMixedForests","Africa",30,70,178.3,1533,39.69,143.14,5.95,4.28,"Polygynous",164.981,522.18,"Omnivore",0.00999608759191809,0.458,5e-05,NA
"1229","Rattus rattus","MURIDAE","RODENTIA","TemperateConiferForests","Africa",30,70,178.3,1533,39.69,143.14,5.95,4.28,"Polygynous",164.981,522.18,"Omnivore",0.00999608759191809,0.458,5e-05,NA
"1230","Rattus rattus","MURIDAE","RODENTIA","FloodedGrasslandsSavannas","Africa",30,70,178.3,1533,39.69,143.14,5.95,4.28,"Polygynous",164.981,522.18,"Omnivore",0.00999608759191809,0.458,5e-05,NA
"1231","Rattus rattus","MURIDAE","RODENTIA","MediterraneanForests,WoodlandsScrub","Asia",30,70,178.3,1533,39.69,143.14,5.95,4.28,"Polygynous",164.981,522.18,"Omnivore",0.00999608759191809,0.458,5e-05,NA
"1232","Rattus rattus","MURIDAE","RODENTIA","TemperateGrasslands,SavannasShrublands","Asia",30,70,178.3,1533,39.69,143.14,5.95,4.28,"Polygynous",164.981,522.18,"Omnivore",0.00999608759191809,0.458,5e-05,NA
"1233","Rattus rattus","MURIDAE","RODENTIA","FloodedGrasslandsSavannas","Asia",30,70,178.3,1533,39.69,143.14,5.95,4.28,"Polygynous",164.981,522.18,"Omnivore",0.00999608759191809,0.458,5e-05,NA
"1234","Rattus rattus","MURIDAE","RODENTIA","DesertsXericShrublands","Asia",30,70,178.3,1533,39.69,143.14,5.95,4.28,"Polygynous",164.981,522.18,"Omnivore",0.00999608759191809,0.458,5e-05,NA
"1235","Rattus rattus","MURIDAE","RODENTIA","TemperateBroadleafMixedForests","Asia",30,70,178.3,1533,39.69,143.14,5.95,4.28,"Polygynous",164.981,522.18,"Omnivore",0.00999608759191809,0.458,5e-05,NA
"1236","Rattus rattus","MURIDAE","RODENTIA","TropicalSubtropicalMoistBroadleafForests","Asia",30,70,178.3,1533,39.69,143.14,5.95,4.28,"Polygynous",164.981,522.18,"Omnivore",0.00999608759191809,0.458,5e-05,NA
"1237","Rattus rattus","MURIDAE","RODENTIA","TropicalSubtropicalDryBroadleafForests","Asia",30,70,178.3,1533,39.69,143.14,5.95,4.28,"Polygynous",164.981,522.18,"Omnivore",0.00999608759191809,0.458,5e-05,NA
"1238","Rattus rattus","MURIDAE","RODENTIA","MontaneGrasslandsShrublands","Asia",30,70,178.3,1533,39.69,143.14,5.95,4.28,"Polygynous",164.981,522.18,"Omnivore",0.00999608759191809,0.458,5e-05,NA
"1239","Rattus rattus","MURIDAE","RODENTIA","TemperateConiferForests","Asia",30,70,178.3,1533,39.69,143.14,5.95,4.28,"Polygynous",164.981,522.18,"Omnivore",0.00999608759191809,0.458,5e-05,NA
"1240","Rattus rattus","MURIDAE","RODENTIA","TropicalSubtropicalConiferousForests","Asia",30,70,178.3,1533,39.69,143.14,5.95,4.28,"Polygynous",164.981,522.18,"Omnivore",0.00999608759191809,0.458,5e-05,NA
"1241","Rattus rattus","MURIDAE","RODENTIA","Mangroves","Asia",30,70,178.3,1533,39.69,143.14,5.95,4.28,"Polygynous",164.981,522.18,"Omnivore",0.00999608759191809,0.458,5e-05,NA
"1242","Rattus rattus","MURIDAE","RODENTIA","BorealForestsTaiga","Asia",30,70,178.3,1533,39.69,143.14,5.95,4.28,"Polygynous",164.981,522.18,"Omnivore",0.00999608759191809,0.458,5e-05,NA
"1243","Rattus rattus","MURIDAE","RODENTIA","TropicalSubtropicalGrasslands,SavannasShrublands","Asia",30,70,178.3,1533,39.69,143.14,5.95,4.28,"Polygynous",164.981,522.18,"Omnivore",0.00999608759191809,0.458,5e-05,NA
"1244","Rattus rattus","MURIDAE","RODENTIA","Tundra","Asia",30,70,178.3,1533,39.69,143.14,5.95,4.28,"Polygynous",164.981,522.18,"Omnivore",0.00999608759191809,0.458,5e-05,NA
"1245","Rattus rattus","MURIDAE","RODENTIA","MediterraneanForests,WoodlandsScrub","Europe",30,70,178.3,1533,39.69,143.14,5.95,4.28,"Polygynous",164.981,522.18,"Omnivore",0.00999608759191809,0.458,5e-05,NA
"1246","Rattus rattus","MURIDAE","RODENTIA","TemperateConiferForests","Europe",30,70,178.3,1533,39.69,143.14,5.95,4.28,"Polygynous",164.981,522.18,"Omnivore",0.00999608759191809,0.458,5e-05,NA
"1247","Rattus rattus","MURIDAE","RODENTIA","TemperateBroadleafMixedForests","Europe",30,70,178.3,1533,39.69,143.14,5.95,4.28,"Polygynous",164.981,522.18,"Omnivore",0.00999608759191809,0.458,5e-05,NA
"1248","Rattus rattus","MURIDAE","RODENTIA","TemperateGrasslands,SavannasShrublands","Europe",30,70,178.3,1533,39.69,143.14,5.95,4.28,"Polygynous",164.981,522.18,"Omnivore",0.00999608759191809,0.458,5e-05,NA
"1249","Rattus rattus","MURIDAE","RODENTIA","BorealForestsTaiga","Europe",30,70,178.3,1533,39.69,143.14,5.95,4.28,"Polygynous",164.981,522.18,"Omnivore",0.00999608759191809,0.458,5e-05,NA
"1250","Rattus rattus","MURIDAE","RODENTIA","Mangroves","Africa",30,70,178.3,1533,39.69,143.14,5.95,4.28,"Polygynous",164.981,522.18,"Omnivore",0.00999608759191809,0.458,5e-05,NA
"1251","Rattus rattus","MURIDAE","RODENTIA","DesertsXericShrublands","Europe",30,70,178.3,1533,39.69,143.14,5.95,4.28,"Polygynous",164.981,522.18,"Omnivore",0.00999608759191809,0.458,5e-05,NA
